date,team,site,o:team,line,total
20201222,Lakers,home,Clippers,-2.0,219.5
20201222,Clippers,away,Lakers,2.0,219.5
20201222,Nets,home,Warriors,-7.0,235.0
20201222,Warriors,away,Nets,7.0,235.0
20201223,Bulls,home,Hawks,2.0,233.5
20201223,Hawks,away,Bulls,-2.0,233.5
20201223,Cavaliers,home,Hornets,2.5,217.5
20201223,Hornets,away,Cavaliers,-2.5,217.5
20201223,Celtics,home,Bucks,4.5,223.5
20201223,Bucks,away,Celtics,-4.5,223.5
20201223,Grizzlies,home,Spurs,-2.0,230.0
20201223,Spurs,away,Grizzlies,2.0,230.0
20201223,Magic,home,Heat,4.5,218.0
20201223,Heat,away,Magic,-4.5,218.0
20201223,Nuggets,home,Kings,-7.5,226.0
20201223,Kings,away,Nuggets,7.5,226.0
20201223,Pacers,home,Knicks,-7.5,216.0
20201223,Knicks,away,Pacers,7.5,216.0
20201223,Raptors,home,Pelicans,-4.0,229.5
20201223,Pelicans,away,Raptors,4.0,229.5
20201223,Seventysixers,home,Wizards,-7.0,230.5
20201223,Wizards,away,Seventysixers,7.0,230.5
20201223,Suns,home,Mavericks,-1.5,232.5
20201223,Mavericks,away,Suns,1.5,232.5
20201223,Timberwolves,home,Pistons,-5.0,224.0
20201223,Pistons,away,Timberwolves,5.0,224.0
20201223,Trailblazers,home,Jazz,2.0,226.0
20201223,Jazz,away,Trailblazers,-2.0,226.0
20201225,Bucks,home,Warriors,-10.5,230.5
20201225,Warriors,away,Bucks,10.5,230.5
20201225,Celtics,home,Nets,3.0,230.0
20201225,Nets,away,Celtics,-3.0,230.0
20201225,Heat,home,Pelicans,-3.0,222.0
20201225,Pelicans,away,Heat,3.0,222.0
20201225,Lakers,home,Mavericks,-6.5,227.0
20201225,Mavericks,away,Lakers,6.5,227.0
20201225,Nuggets,home,Clippers,3.5,226.5
20201225,Clippers,away,Nuggets,-3.5,226.5
20201226,Bulls,home,Pacers,6.0,223.5
20201226,Pacers,away,Bulls,-6.0,223.5
20201226,Grizzlies,home,Hawks,-2.5,239.0
20201226,Hawks,away,Grizzlies,2.5,239.0
20201226,Hornets,home,Thunder,-3.0,219.0
20201226,Thunder,away,Hornets,3.0,219.0
20201226,Jazz,home,Timberwolves,-9.0,229.0
20201226,Timberwolves,away,Jazz,9.0,229.0
20201226,Kings,home,Suns,3.5,227.5
20201226,Suns,away,Kings,-3.5,227.5
20201226,Knicks,home,Seventysixers,8.0,215.0
20201226,Seventysixers,away,Knicks,-8.0,215.0
20201226,Pistons,home,Cavaliers,-1.5,214.5
20201226,Cavaliers,away,Pistons,1.5,214.5
20201226,Spurs,home,Raptors,2.5,228.5
20201226,Raptors,away,Spurs,-2.5,228.5
20201226,Trailblazers,home,Rockets,-8.0,225.5
20201226,Rockets,away,Trailblazers,8.0,225.5
20201226,Wizards,home,Magic,-2.0,232.5
20201226,Magic,away,Wizards,2.0,232.5
20201227,Bulls,home,Warriors,3.5,229.0
20201227,Warriors,away,Bulls,-3.5,229.0
20201227,Cavaliers,home,Seventysixers,5.5,217.0
20201227,Seventysixers,away,Cavaliers,-5.5,217.0
20201227,Clippers,home,Mavericks,-3.0,226.5
20201227,Mavericks,away,Clippers,3.0,226.5
20201227,Hornets,home,Nets,11.5,233.5
20201227,Nets,away,Hornets,-11.5,233.5
20201227,Kings,home,Suns,3.5,226.0
20201227,Suns,away,Kings,-3.5,226.0
20201227,Knicks,home,Bucks,13.0,222.5
20201227,Bucks,away,Knicks,-13.0,222.5
20201227,Lakers,home,Timberwolves,-10.0,229.0
20201227,Timberwolves,away,Lakers,10.0,229.0
20201227,Pacers,home,Celtics,3.0,220.5
20201227,Celtics,away,Pacers,-3.0,220.5
20201227,Pelicans,home,Spurs,-5.5,228.0
20201227,Spurs,away,Pelicans,5.5,228.0
20201227,Wizards,home,Magic,2.0,230.0
20201227,Magic,away,Wizards,-2.0,230.0
20201228,Hawks,home,Pistons,-10.0,224.5
20201228,Pistons,away,Hawks,10.0,224.5
20201228,Lakers,home,Trailblazers,-6.0,229.0
20201228,Trailblazers,away,Lakers,6.0,229.0
20201228,Nets,home,Grizzlies,2.5,227.5
20201228,Grizzlies,away,Nets,-2.5,227.5
20201228,Nuggets,home,Rockets,-6.5,222.0
20201228,Rockets,away,Nuggets,6.5,222.0
20201228,Thunder,home,Jazz,9.0,218.5
20201228,Jazz,away,Thunder,-9.0,218.5
20201229,Cavaliers,home,Knicks,-3.5,215.5
20201229,Knicks,away,Cavaliers,3.5,215.5
20201229,Clippers,home,Timberwolves,-10.0,226.0
20201229,Timberwolves,away,Clippers,10.0,226.0
20201229,Heat,home,Bucks,6.0,227.0
20201229,Bucks,away,Heat,-6.0,227.0
20201229,Kings,home,Nuggets,-1.0,226.0
20201229,Nuggets,away,Kings,1.0,226.0
20201229,Pacers,home,Celtics,-1.0,218.5
20201229,Celtics,away,Pacers,1.0,218.5
20201229,Pistons,home,Warriors,4.0,227.0
20201229,Warriors,away,Pistons,-4.0,227.0
20201229,Seventysixers,home,Raptors,-1.5,219.5
20201229,Raptors,away,Seventysixers,1.5,219.5
20201229,Suns,home,Pelicans,-2.0,222.0
20201229,Pelicans,away,Suns,2.0,222.0
20201229,Thunder,home,Magic,6.5,218.0
20201229,Magic,away,Thunder,-6.5,218.0
20201229,Wizards,home,Bulls,-6.5,238.0
20201229,Bulls,away,Wizards,6.5,238.0
20201230,Celtics,home,Grizzlies,-7.0,218.0
20201230,Grizzlies,away,Celtics,7.0,218.0
20201230,Clippers,home,Trailblazers,-5.5,226.0
20201230,Trailblazers,away,Clippers,5.5,226.0
20201230,Heat,home,Bucks,6.5,228.0
20201230,Bucks,away,Heat,-6.5,228.0
20201230,Mavericks,home,Hornets,-8.5,225.0
20201230,Hornets,away,Mavericks,8.5,225.0
20201230,Nets,home,Hawks,-6.0,239.0
20201230,Hawks,away,Nets,6.0,239.0
20201230,Spurs,home,Lakers,7.5,231.0
20201230,Lakers,away,Spurs,-7.5,231.0
20201231,Jazz,home,Suns,-4.0,219.5
20201231,Suns,away,Jazz,4.0,219.5
20201231,Magic,home,Seventysixers,3.5,219.5
20201231,Seventysixers,away,Magic,-3.5,219.5
20201231,Pacers,home,Cavaliers,-8.0,219.5
20201231,Cavaliers,away,Pacers,8.0,219.5
20201231,Raptors,home,Knicks,-8.5,215.0
20201231,Knicks,away,Raptors,8.5,215.0
20201231,Rockets,home,Kings,-5.5,231.5
20201231,Kings,away,Rockets,5.5,231.5
20201231,Thunder,home,Pelicans,5.5,214.5
20201231,Pelicans,away,Thunder,-5.5,214.5
20201231,Wizards,home,Bulls,-7.5,236.0
20201231,Bulls,away,Wizards,7.5,236.0
20210101,Bucks,home,Bulls,-14.5,232.5
20210101,Bulls,away,Bucks,14.5,232.5
20210101,Hornets,home,Grizzlies,-4.5,220.0
20210101,Grizzlies,away,Hornets,4.5,220.0
20210101,Jazz,home,Clippers,3.5,220.0
20210101,Clippers,away,Jazz,-3.5,220.0
20210101,Mavericks,home,Heat,1.5,225.0
20210101,Heat,away,Mavericks,-1.5,225.0
20210101,Nets,home,Hawks,-6.5,244.5
20210101,Hawks,away,Nets,6.5,244.5
20210101,Nuggets,home,Suns,-3.5,220.5
20210101,Suns,away,Nuggets,3.5,220.5
20210101,Pistons,home,Celtics,8.5,213.5
20210101,Celtics,away,Pistons,-8.5,213.5
20210101,Spurs,home,Lakers,7.5,230.5
20210101,Lakers,away,Spurs,-7.5,230.5
20210101,Timberwolves,home,Wizards,-0.5,234.0
20210101,Wizards,away,Timberwolves,0.5,234.0
20210101,Warriors,home,Trailblazers,3.5,238.0
20210101,Trailblazers,away,Warriors,-3.5,238.0
20210102,Hawks,home,Cavaliers,-5.5,229.0
20210102,Cavaliers,away,Hawks,5.5,229.0
20210102,Magic,home,Thunder,-4.5,216.5
20210102,Thunder,away,Magic,4.5,216.5
20210102,Pacers,home,Knicks,-9.0,215.5
20210102,Knicks,away,Pacers,9.0,215.5
20210102,Pelicans,home,Raptors,1.0,215.0
20210102,Raptors,away,Pelicans,-1.0,215.0
20210102,Rockets,home,Kings,2.0,230.5
20210102,Kings,away,Rockets,-2.0,230.5
20210102,Seventysixers,home,Hornets,-9.5,217.0
20210102,Hornets,away,Seventysixers,9.5,217.0
20210103,Bulls,home,Mavericks,4.0,223.5
20210103,Mavericks,away,Bulls,-4.0,223.5
20210103,Grizzlies,home,Lakers,10.0,220.5
20210103,Lakers,away,Grizzlies,-10.0,220.5
20210103,Nets,home,Wizards,-7.5,241.5
20210103,Wizards,away,Nets,7.5,241.5
20210103,Pistons,home,Celtics,8.5,213.5
20210103,Celtics,away,Pistons,-8.5,213.5
20210103,Spurs,home,Jazz,5.5,222.5
20210103,Jazz,away,Spurs,-5.5,222.5
20210103,Suns,home,Clippers,3.5,216.0
20210103,Clippers,away,Suns,-3.5,216.0
20210103,Timberwolves,home,Nuggets,8.5,226.0
20210103,Nuggets,away,Timberwolves,-8.5,226.0
20210103,Warriors,home,Trailblazers,4.5,235.5
20210103,Trailblazers,away,Warriors,-4.5,235.5
20210104,Bucks,home,Pistons,-16.0,224.0
20210104,Pistons,away,Bucks,16.0,224.0
20210104,Hawks,home,Knicks,-7.0,224.5
20210104,Knicks,away,Hawks,7.0,224.5
20210104,Heat,home,Thunder,-9.0,214.0
20210104,Thunder,away,Heat,9.0,214.0
20210104,Magic,home,Cavaliers,-6.0,214.5
20210104,Cavaliers,away,Magic,6.0,214.5
20210104,Pelicans,home,Pacers,-2.0,216.0
20210104,Pacers,away,Pelicans,2.0,216.0
20210104,Raptors,home,Celtics,-6.0,217.0
20210104,Celtics,away,Raptors,6.0,217.0
20210104,Rockets,home,Mavericks,-4.0,230.0
20210104,Mavericks,away,Rockets,4.0,230.0
20210104,Seventysixers,home,Hornets,-8.0,221.5
20210104,Hornets,away,Seventysixers,8.0,221.5
20210104,Warriors,home,Kings,1.5,235.5
20210104,Kings,away,Warriors,-1.5,235.5
20210105,Clippers,home,Spurs,-7.5,225.5
20210105,Spurs,away,Clippers,7.5,225.5
20210105,Grizzlies,home,Lakers,9.5,218.5
20210105,Lakers,away,Grizzlies,-9.5,218.5
20210105,Nets,home,Jazz,4.5,225.5
20210105,Jazz,away,Nets,-4.5,225.5
20210105,Nuggets,home,Timberwolves,-10.5,226.5
20210105,Timberwolves,away,Nuggets,10.5,226.5
20210105,Trailblazers,home,Bulls,-9.5,233.0
20210105,Bulls,away,Trailblazers,9.5,233.0
20210106,Bucks,home,Pistons,-12.0,226.5
20210106,Pistons,away,Bucks,12.0,226.5
20210106,Hawks,home,Hornets,-6.0,232.5
20210106,Hornets,away,Hawks,6.0,232.5
20210106,Heat,home,Celtics,-2.5,218.0
20210106,Celtics,away,Heat,2.5,218.0
20210106,Kings,home,Bulls,-7.0,228.0
20210106,Bulls,away,Kings,7.0,228.0
20210106,Knicks,home,Jazz,7.5,214.5
20210106,Jazz,away,Knicks,-7.5,214.5
20210106,Magic,home,Cavaliers,-5.0,214.5
20210106,Cavaliers,away,Magic,5.0,214.5
20210106,Pacers,home,Rockets,-3.0,225.0
20210106,Rockets,away,Pacers,3.0,225.0
20210106,Pelicans,home,Thunder,-8.0,213.5
20210106,Thunder,away,Pelicans,8.0,213.5
20210106,Seventysixers,home,Wizards,-6.5,235.0
20210106,Wizards,away,Seventysixers,6.5,235.0
20210106,Suns,home,Raptors,-3.0,219.5
20210106,Raptors,away,Suns,3.0,219.5
20210106,Warriors,home,Clippers,5.0,231.5
20210106,Clippers,away,Warriors,-5.0,231.5
20210107,Grizzlies,home,Cavaliers,-5.5,209.0
20210107,Cavaliers,away,Grizzlies,5.5,209.0
20210107,Lakers,home,Spurs,-9.0,226.5
20210107,Spurs,away,Lakers,9.0,226.5
20210107,Nets,home,Seventysixers,4.5,222.5
20210107,Seventysixers,away,Nets,-4.5,222.5
20210107,Nuggets,home,Mavericks,-2.5,222.5
20210107,Mavericks,away,Nuggets,2.5,222.5
20210107,Trailblazers,home,Timberwolves,-9.5,233.0
20210107,Timberwolves,away,Trailblazers,9.5,233.0
20210108,Bucks,home,Jazz,-6.0,231.5
20210108,Jazz,away,Bucks,6.0,231.5
20210108,Celtics,home,Wizards,-3.5,237.5
20210108,Wizards,away,Celtics,3.5,237.5
20210108,Grizzlies,home,Nets,-0.5,218.5
20210108,Nets,away,Grizzlies,0.5,218.5
20210108,Kings,home,Raptors,1.0,226.5
20210108,Raptors,away,Kings,-1.0,226.5
20210108,Knicks,home,Thunder,-3.0,211.5
20210108,Thunder,away,Knicks,3.0,211.5
20210108,Lakers,home,Bulls,-8.0,221.5
20210108,Bulls,away,Lakers,8.0,221.5
20210108,Pelicans,home,Hornets,-7.0,218.0
20210108,Hornets,away,Pelicans,7.0,218.0
20210108,Pistons,home,Suns,7.5,216.0
20210108,Suns,away,Pistons,-7.5,216.0
20210108,Rockets,home,Magic,-7.0,222.0
20210108,Magic,away,Rockets,7.0,222.0
20210108,Warriors,home,Clippers,6.5,229.5
20210108,Clippers,away,Warriors,-6.5,229.5
20210109,Bucks,home,Cavaliers,-9.0,219.5
20210109,Cavaliers,away,Bucks,9.0,219.5
20210109,Hornets,home,Hawks,5.0,229.0
20210109,Hawks,away,Hornets,-5.0,229.0
20210109,Kings,home,Trailblazers,5.0,236.5
20210109,Trailblazers,away,Kings,-5.0,236.5
20210109,Mavericks,home,Magic,-6.0,218.0
20210109,Magic,away,Mavericks,6.0,218.0
20210109,Pacers,home,Suns,-3.0,217.0
20210109,Suns,away,Pacers,3.0,217.0
20210109,Seventysixers,home,Nuggets,13.5,215.5
20210109,Nuggets,away,Seventysixers,-13.5,215.5
20210109,Timberwolves,home,Spurs,3.0,234.5
20210109,Spurs,away,Timberwolves,-3.0,234.5
20210109,Wizards,home,Heat,10.5,226.5
20210109,Heat,away,Wizards,-10.5,226.5
20210110,Clippers,home,Bulls,-12.0,221.5
20210110,Bulls,away,Clippers,12.0,221.5
20210110,Knicks,home,Nuggets,5.5,214.0
20210110,Nuggets,away,Knicks,-5.5,214.0
20210110,Nets,home,Thunder,-7.5,224.5
20210110,Thunder,away,Nets,7.5,224.5
20210110,Pistons,home,Jazz,8.5,217.0
20210110,Jazz,away,Pistons,-8.5,217.0
20210110,Rockets,home,Lakers,4.0,224.0
20210110,Lakers,away,Rockets,-4.0,224.0
20210110,Timberwolves,home,Spurs,4.0,230.5
20210110,Spurs,away,Timberwolves,-4.0,230.5
20210110,Warriors,home,Raptors,3.0,234.0
20210110,Raptors,away,Warriors,-3.0,234.0
20210111,Cavaliers,home,Grizzlies,2.0,206.0
20210111,Grizzlies,away,Cavaliers,-2.0,206.0
20210111,Hawks,home,Seventysixers,-6.0,222.5
20210111,Seventysixers,away,Hawks,6.0,222.5
20210111,Hornets,home,Knicks,-5.0,212.5
20210111,Knicks,away,Hornets,5.0,212.5
20210111,Kings,home,Pacers,4.0,229.0
20210111,Pacers,away,Kings,-4.0,229.0
20210111,Magic,home,Bucks,10.0,226.5
20210111,Bucks,away,Magic,-10.0,226.5
20210111,Trailblazers,home,Raptors,-5.0,230.5
20210111,Raptors,away,Trailblazers,5.0,230.5
20210111,Wizards,home,Suns,6.0,232.0
20210111,Suns,away,Wizards,-6.0,232.0
20210112,Cavaliers,home,Jazz,13.0,208.5
20210112,Jazz,away,Cavaliers,-13.0,208.5
20210112,Nets,home,Nuggets,-1.5,230.5
20210112,Nuggets,away,Nets,1.5,230.5
20210112,Rockets,home,Lakers,4.5,223.5
20210112,Lakers,away,Rockets,-4.5,223.5
20210112,Seventysixers,home,Heat,-8.5,212.5
20210112,Heat,away,Seventysixers,8.5,212.5
20210112,Thunder,home,Spurs,2.0,218.5
20210112,Spurs,away,Thunder,-2.0,218.5
20210112,Warriors,home,Pacers,-3.5,227.0
20210112,Pacers,away,Warriors,3.5,227.0
20210113,Clippers,home,Pelicans,-10.5,216.0
20210113,Pelicans,away,Clippers,10.5,216.0
20210113,Hornets,home,Mavericks,3.0,220.5
20210113,Mavericks,away,Hornets,-3.0,220.5
20210113,Kings,home,Trailblazers,4.5,237.5
20210113,Trailblazers,away,Kings,-4.5,237.5
20210113,Knicks,home,Nets,3.5,217.0
20210113,Nets,away,Knicks,-3.5,217.0
20210113,Pistons,home,Bucks,10.5,226.0
20210113,Bucks,away,Pistons,-10.5,226.0
20210113,Thunder,home,Lakers,10.5,220.0
20210113,Lakers,away,Thunder,-10.5,220.0
20210113,Timberwolves,home,Grizzlies,-1.5,222.0
20210113,Grizzlies,away,Timberwolves,1.5,222.0
20210114,Nuggets,home,Warriors,-4.5,226.0
20210114,Warriors,away,Nuggets,4.5,226.0
20210114,Raptors,home,Hornets,-10.0,219.0
20210114,Hornets,away,Raptors,10.0,219.0
20210114,Seventysixers,home,Heat,-8.5,222.5
20210114,Heat,away,Seventysixers,8.5,222.5
20210114,Spurs,home,Rockets,-7.0,218.0
20210114,Rockets,away,Spurs,7.0,218.0
20210114,Trailblazers,home,Pacers,-3.0,228.0
20210114,Pacers,away,Trailblazers,3.0,228.0
20210115,Bucks,home,Mavericks,-8.0,230.0
20210115,Mavericks,away,Bucks,8.0,230.0
20210115,Cavaliers,home,Knicks,2.0,196.0
20210115,Knicks,away,Cavaliers,-2.0,196.0
20210115,Celtics,home,Magic,-4.0,213.5
20210115,Magic,away,Celtics,4.0,213.5
20210115,Jazz,home,Hawks,-6.5,229.0
20210115,Hawks,away,Jazz,6.5,229.0
20210115,Kings,home,Clippers,7.0,227.5
20210115,Clippers,away,Kings,-7.0,227.5
20210115,Lakers,home,Pelicans,-9.0,219.0
20210115,Pelicans,away,Lakers,9.0,219.0
20210115,Thunder,home,Bulls,2.0,224.5
20210115,Bulls,away,Thunder,-2.0,224.5
20210116,Grizzlies,home,Seventysixers,-2.0,223.0
20210116,Seventysixers,away,Grizzlies,2.0,223.0
20210116,Heat,home,Pistons,-5.5,218.0
20210116,Pistons,away,Heat,5.5,218.0
20210116,Nets,home,Magic,-9.0,226.5
20210116,Magic,away,Nets,9.0,226.5
20210116,Raptors,home,Hornets,-6.5,221.5
20210116,Hornets,away,Raptors,6.5,221.5
20210116,Spurs,home,Rockets,-7.0,217.0
20210116,Rockets,away,Spurs,7.0,217.0
20210116,Trailblazers,home,Hawks,-5.0,234.0
20210116,Hawks,away,Trailblazers,5.0,234.0
20210117,Celtics,home,Knicks,-7.0,210.0
20210117,Knicks,away,Celtics,7.0,210.0
20210117,Clippers,home,Pacers,-8.0,219.5
20210117,Pacers,away,Clippers,8.0,219.5
20210117,Kings,home,Pelicans,2.5,226.5
20210117,Pelicans,away,Kings,-2.5,226.5
20210117,Mavericks,home,Bulls,-6.5,226.0
20210117,Bulls,away,Mavericks,6.5,226.0
20210117,Nuggets,home,Jazz,1.5,219.5
20210117,Jazz,away,Nuggets,-1.5,219.5
20210118,Bulls,home,Rockets,2.0,225.5
20210118,Rockets,away,Bulls,-2.0,225.5
20210118,Grizzlies,home,Suns,5.5,217.5
20210118,Suns,away,Grizzlies,-5.5,217.5
20210118,Hawks,home,Timberwolves,-7.0,228.5
20210118,Timberwolves,away,Hawks,7.0,228.5
20210118,Heat,home,Pistons,-6.5,215.0
20210118,Pistons,away,Heat,6.5,215.0
20210118,Knicks,home,Magic,2.0,205.0
20210118,Magic,away,Knicks,-2.0,205.0
20210118,Lakers,home,Warriors,-8.5,226.5
20210118,Warriors,away,Lakers,8.5,226.5
20210118,Nets,home,Bucks,4.0,240.0
20210118,Bucks,away,Nets,-4.0,240.0
20210118,Raptors,home,Mavericks,-4.0,222.5
20210118,Mavericks,away,Raptors,4.0,222.5
20210118,Trailblazers,home,Spurs,1.5,226.0
20210118,Spurs,away,Trailblazers,-1.5,226.0
20210119,Jazz,home,Pelicans,-6.0,217.5
20210119,Pelicans,away,Jazz,6.0,217.5
20210119,Nuggets,home,Thunder,-10.0,220.0
20210119,Thunder,away,Nuggets,10.0,220.0
20210120,Cavaliers,home,Nets,10.5,227.0
20210120,Nets,away,Cavaliers,-10.5,227.0
20210120,Clippers,home,Kings,-11.0,231.0
20210120,Kings,away,Clippers,11.0,231.0
20210120,Hawks,home,Pistons,-4.5,221.0
20210120,Pistons,away,Hawks,4.5,221.0
20210120,Pacers,home,Mavericks,2.5,221.0
20210120,Mavericks,away,Pacers,-2.5,221.0
20210120,Raptors,home,Heat,-4.0,222.0
20210120,Heat,away,Raptors,4.0,222.0
20210120,Rockets,home,Suns,6.0,219.0
20210120,Suns,away,Rockets,-6.0,219.0
20210120,Seventysixers,home,Celtics,-5.0,221.5
20210120,Celtics,away,Seventysixers,5.0,221.5
20210120,Timberwolves,home,Magic,4.0,220.0
20210120,Magic,away,Timberwolves,-4.0,220.0
20210120,Warriors,home,Spurs,-1.5,228.0
20210120,Spurs,away,Warriors,1.5,228.0
20210121,Bucks,home,Lakers,-1.5,228.5
20210121,Lakers,away,Bucks,1.5,228.5
20210121,Jazz,home,Pelicans,-7.0,217.5
20210121,Pelicans,away,Jazz,7.0,217.5
20210121,Warriors,home,Knicks,-5.0,215.5
20210121,Knicks,away,Warriors,5.0,215.5
20210122,Cavaliers,home,Nets,6.5,223.5
20210122,Nets,away,Cavaliers,-6.5,223.5
20210122,Clippers,home,Thunder,-13.0,221.5
20210122,Thunder,away,Clippers,13.0,221.5
20210122,Hornets,home,Bulls,-3.0,228.0
20210122,Bulls,away,Hornets,3.0,228.0
20210122,Kings,home,Knicks,-3.5,218.5
20210122,Knicks,away,Kings,3.5,218.5
20210122,Pacers,home,Magic,-4.5,216.5
20210122,Magic,away,Pacers,4.5,216.5
20210122,Pistons,home,Rockets,-3.0,215.0
20210122,Rockets,away,Pistons,3.0,215.0
20210122,Raptors,home,Heat,-2.5,220.0
20210122,Heat,away,Raptors,2.5,220.0
20210122,Seventysixers,home,Celtics,-4.5,221.5
20210122,Celtics,away,Seventysixers,4.5,221.5
20210122,Spurs,home,Mavericks,2.0,223.5
20210122,Mavericks,away,Spurs,-2.0,223.5
20210122,Suns,home,Nuggets,-0.5,220.0
20210122,Nuggets,away,Suns,0.5,220.0
20210122,Timberwolves,home,Hawks,6.0,226.5
20210122,Hawks,away,Timberwolves,-6.0,226.5
20210123,Bulls,home,Lakers,9.5,226.5
20210123,Lakers,away,Bulls,-9.5,226.5
20210123,Jazz,home,Warriors,-7.0,228.0
20210123,Warriors,away,Jazz,7.0,228.0
20210123,Mavericks,home,Rockets,-7.0,222.5
20210123,Rockets,away,Mavericks,7.0,222.5
20210123,Nets,home,Heat,-7.5,232.0
20210123,Heat,away,Nets,7.5,232.0
20210123,Pistons,home,Seventysixers,9.0,215.5
20210123,Seventysixers,away,Pistons,-9.0,215.5
20210123,Suns,home,Nuggets,2.5,216.0
20210123,Nuggets,away,Suns,-2.5,216.0
20210123,Timberwolves,home,Pelicans,8.5,216.5
20210123,Pelicans,away,Timberwolves,-8.5,216.5
20210124,Bucks,home,Hawks,-12.0,225.5
20210124,Hawks,away,Bucks,12.0,225.5
20210124,Celtics,home,Cavaliers,-6.0,212.5
20210124,Cavaliers,away,Celtics,6.0,212.5
20210124,Clippers,home,Thunder,-13.0,222.0
20210124,Thunder,away,Clippers,13.0,222.0
20210124,Magic,home,Hornets,2.0,214.0
20210124,Hornets,away,Magic,-2.0,214.0
20210124,Pacers,home,Raptors,-4.5,217.0
20210124,Raptors,away,Pacers,4.5,217.0
20210124,Spurs,home,Wizards,-6.0,233.5
20210124,Wizards,away,Spurs,6.0,233.5
20210124,Trailblazers,home,Knicks,-4.5,215.5
20210124,Knicks,away,Trailblazers,4.5,215.5
20210125,Bulls,home,Celtics,4.0,227.5
20210125,Celtics,away,Bulls,-4.0,227.5
20210125,Cavaliers,home,Lakers,12.0,214.5
20210125,Lakers,away,Cavaliers,-12.0,214.5
20210125,Magic,home,Hornets,-1.0,213.5
20210125,Hornets,away,Magic,1.0,213.5
20210125,Mavericks,home,Nuggets,2.0,223.0
20210125,Nuggets,away,Mavericks,-2.0,223.0
20210125,Nets,home,Heat,-7.5,237.0
20210125,Heat,away,Nets,7.5,237.0
20210125,Pacers,home,Raptors,-2.5,218.5
20210125,Raptors,away,Pacers,2.5,218.5
20210125,Pistons,home,Seventysixers,5.0,216.0
20210125,Seventysixers,away,Pistons,-5.0,216.0
20210125,Trailblazers,home,Thunder,-5.0,226.5
20210125,Thunder,away,Trailblazers,5.0,226.5
20210125,Warriors,home,Timberwolves,-8.5,226.5
20210125,Timberwolves,away,Warriors,8.5,226.5
20210126,Hawks,home,Clippers,-5.5,226.0
20210126,Clippers,away,Hawks,5.5,226.0
20210126,Jazz,home,Knicks,-11.5,212.0
20210126,Knicks,away,Jazz,11.5,212.0
20210126,Rockets,home,Wizards,-3.5,234.0
20210126,Wizards,away,Rockets,3.5,234.0
20210127,Cavaliers,home,Pistons,-2.0,215.0
20210127,Pistons,away,Cavaliers,2.0,215.0
20210127,Hawks,home,Nets,5.5,237.0
20210127,Nets,away,Hawks,-5.5,237.0
20210127,Heat,home,Nuggets,6.5,216.0
20210127,Nuggets,away,Heat,-6.5,216.0
20210127,Hornets,home,Pacers,3.0,221.0
20210127,Pacers,away,Hornets,-3.0,221.0
20210127,Jazz,home,Mavericks,-2.5,221.0
20210127,Mavericks,away,Jazz,2.5,221.0
20210127,Magic,home,Kings,-1.5,224.0
20210127,Kings,away,Magic,1.5,224.0
20210127,Pelicans,home,Wizards,-8.0,227.5
20210127,Wizards,away,Pelicans,8.0,227.5
20210127,Raptors,home,Bucks,6.5,228.0
20210127,Bucks,away,Raptors,-6.5,228.0
20210127,Seventysixers,home,Lakers,4.5,222.5
20210127,Lakers,away,Seventysixers,-4.5,222.5
20210127,Spurs,home,Celtics,4.0,224.0
20210127,Celtics,away,Spurs,-4.0,224.0
20210127,Suns,home,Thunder,-8.0,215.0
20210127,Thunder,away,Suns,8.0,215.0
20210127,Warriors,home,Timberwolves,-8.5,229.0
20210127,Timberwolves,away,Warriors,8.5,229.0
20210128,Heat,home,Clippers,-2.5,212.0
20210128,Clippers,away,Heat,2.5,212.0
20210128,Pistons,home,Lakers,7.5,214.5
20210128,Lakers,away,Pistons,-7.5,214.5
20210128,Rockets,home,Trailblazers,-4.5,229.0
20210128,Trailblazers,away,Rockets,4.5,229.0
20210128,Suns,home,Warriors,-2.0,219.5
20210128,Warriors,away,Suns,2.0,219.5
20210129,Hornets,home,Pacers,3.5,222.0
20210129,Pacers,away,Hornets,-3.5,222.0
20210129,Jazz,home,Mavericks,-4.0,221.5
20210129,Mavericks,away,Jazz,4.0,221.5
20210129,Knicks,home,Cavaliers,-1.5,208.5
20210129,Cavaliers,away,Knicks,1.5,208.5
20210129,Magic,home,Clippers,7.5,217.0
20210129,Clippers,away,Magic,-7.5,217.0
20210129,Pelicans,home,Bucks,7.0,230.0
20210129,Bucks,away,Pelicans,-7.0,230.0
20210129,Raptors,home,Kings,-4.5,227.0
20210129,Kings,away,Raptors,4.5,227.0
20210129,Spurs,home,Nuggets,4.0,222.0
20210129,Nuggets,away,Spurs,-4.0,222.0
20210129,Thunder,home,Nets,6.5,230.0
20210129,Nets,away,Thunder,-6.5,230.0
20210129,Timberwolves,home,Seventysixers,9.5,225.5
20210129,Seventysixers,away,Timberwolves,-9.5,225.5
20210129,Wizards,home,Hawks,3.5,234.5
20210129,Hawks,away,Wizards,-3.5,234.5
20210130,Bulls,home,Trailblazers,-1.5,233.0
20210130,Trailblazers,away,Bulls,1.5,233.0
20210130,Celtics,home,Lakers,3.5,218.5
20210130,Lakers,away,Celtics,-3.5,218.5
20210130,Heat,home,Kings,-6.5,223.0
20210130,Kings,away,Heat,6.5,223.0
20210130,Hornets,home,Bucks,9.0,230.5
20210130,Bucks,away,Hornets,-9.0,230.5
20210130,Mavericks,home,Suns,-0.5,215.0
20210130,Suns,away,Mavericks,0.5,215.0
20210130,Pelicans,home,Rockets,-2.0,222.5
20210130,Rockets,away,Pelicans,2.0,222.5
20210130,Spurs,home,Grizzlies,-3.5,219.0
20210130,Grizzlies,away,Spurs,3.5,219.0
20210130,Warriors,home,Pistons,-5.5,224.0
20210130,Pistons,away,Warriors,5.5,224.0
20210131,Knicks,home,Clippers,9.5,211.0
20210131,Clippers,away,Knicks,-9.5,211.0
20210131,Nuggets,home,Jazz,3.0,221.5
20210131,Jazz,away,Nuggets,-3.0,221.5
20210131,Pacers,home,Seventysixers,-3.0,221.5
20210131,Seventysixers,away,Pacers,3.0,221.5
20210131,Raptors,home,Magic,-5.0,215.5
20210131,Magic,away,Raptors,5.0,215.5
20210131,Timberwolves,home,Cavaliers,3.5,219.0
20210131,Cavaliers,away,Timberwolves,-3.5,219.0
20210131,Wizards,home,Nets,6.0,245.5
20210131,Nets,away,Wizards,-6.0,245.5
20210201,Bucks,home,Trailblazers,-9.5,235.0
20210201,Trailblazers,away,Bucks,9.5,235.0
20210201,Bulls,home,Knicks,-3.5,217.0
20210201,Knicks,away,Bulls,3.5,217.0
20210201,Cavaliers,home,Timberwolves,-3.5,222.0
20210201,Timberwolves,away,Cavaliers,3.5,222.0
20210201,Hawks,home,Lakers,6.5,219.0
20210201,Lakers,away,Hawks,-6.5,219.0
20210201,Heat,home,Hornets,-7.5,215.0
20210201,Hornets,away,Heat,7.5,215.0
20210201,Mavericks,home,Suns,-2.0,220.0
20210201,Suns,away,Mavericks,2.0,220.0
20210201,Pelicans,home,Kings,-2.5,234.5
20210201,Kings,away,Pelicans,2.5,234.5
20210201,Spurs,home,Grizzlies,-4.0,221.5
20210201,Grizzlies,away,Spurs,4.0,221.5
20210201,Thunder,home,Rockets,5.0,224.5
20210201,Rockets,away,Thunder,-5.0,224.5
20210202,Jazz,home,Pistons,-12.0,218.0
20210202,Pistons,away,Jazz,12.0,218.0
20210202,Magic,home,Raptors,6.5,215.5
20210202,Raptors,away,Magic,-6.5,215.5
20210202,Nets,home,Clippers,1.5,242.0
20210202,Clippers,away,Nets,-1.5,242.0
20210202,Pacers,home,Grizzlies,-4.5,221.0
20210202,Grizzlies,away,Pacers,4.5,221.0
20210202,Warriors,home,Celtics,2.5,227.0
20210202,Celtics,away,Warriors,-2.5,227.0
20210202,Wizards,home,Trailblazers,-3.0,241.0
20210202,Trailblazers,away,Wizards,3.0,241.0
20210203,Bucks,home,Pacers,-8.5,232.0
20210203,Pacers,away,Bucks,8.5,232.0
20210203,Bulls,home,Knicks,-1.5,218.0
20210203,Knicks,away,Bulls,1.5,218.0
20210203,Cavaliers,home,Clippers,9.0,220.0
20210203,Clippers,away,Cavaliers,-9.0,220.0
20210203,Hawks,home,Mavericks,2.0,223.5
20210203,Mavericks,away,Hawks,-2.0,223.5
20210203,Heat,home,Wizards,-9.5,227.5
20210203,Wizards,away,Heat,9.5,227.5
20210203,Hornets,home,Seventysixers,6.5,225.0
20210203,Seventysixers,away,Hornets,-6.5,225.0
20210203,Kings,home,Celtics,-1.0,224.0
20210203,Celtics,away,Kings,1.0,224.0
20210203,Pelicans,home,Suns,2.5,223.5
20210203,Suns,away,Pelicans,-2.5,223.5
20210203,Spurs,home,Timberwolves,-7.5,225.0
20210203,Timberwolves,away,Spurs,7.5,225.0
20210203,Thunder,home,Rockets,7.0,222.0
20210203,Rockets,away,Thunder,-7.0,222.0
20210204,Grizzlies,home,Rockets,-3.5,226.5
20210204,Rockets,away,Grizzlies,3.5,226.5
20210204,Hawks,home,Jazz,10.0,220.5
20210204,Jazz,away,Hawks,-10.0,220.5
20210204,Lakers,home,Nuggets,-5.0,217.5
20210204,Nuggets,away,Lakers,5.0,217.5
20210204,Mavericks,home,Warriors,-4.0,229.0
20210204,Warriors,away,Mavericks,4.0,229.0
20210204,Seventysixers,home,Trailblazers,-10.0,223.0
20210204,Trailblazers,away,Seventysixers,10.0,223.0
20210205,Cavaliers,home,Bucks,11.0,229.0
20210205,Bucks,away,Cavaliers,-11.0,229.0
20210205,Clippers,home,Celtics,-5.5,219.0
20210205,Celtics,away,Clippers,5.5,219.0
20210205,Heat,home,Wizards,-7.0,230.0
20210205,Wizards,away,Heat,7.0,230.0
20210205,Hornets,home,Jazz,8.5,224.5
20210205,Jazz,away,Hornets,-8.5,224.5
20210205,Magic,home,Bulls,2.5,224.5
20210205,Bulls,away,Magic,-2.5,224.5
20210205,Nets,home,Raptors,-5.5,239.5
20210205,Raptors,away,Nets,5.5,239.5
20210205,Pacers,home,Pelicans,-1.5,228.0
20210205,Pelicans,away,Pacers,1.5,228.0
20210205,Suns,home,Pistons,-8.0,212.0
20210205,Pistons,away,Suns,8.0,212.0
20210205,Thunder,home,Timberwolves,2.5,220.5
20210205,Timberwolves,away,Thunder,-2.5,220.5
20210206,Cavaliers,home,Bucks,10.5,227.0
20210206,Bucks,away,Cavaliers,-10.5,227.0
20210206,Hawks,home,Raptors,1.0,223.5
20210206,Raptors,away,Hawks,-1.0,223.5
20210206,Kings,home,Nuggets,1.5,226.5
20210206,Nuggets,away,Kings,-1.5,226.5
20210206,Knicks,home,Trailblazers,1.0,215.0
20210206,Trailblazers,away,Knicks,-1.0,215.0
20210206,Lakers,home,Pistons,-14.5,214.5
20210206,Pistons,away,Lakers,14.5,214.5
20210206,Magic,home,Bulls,1.5,225.0
20210206,Bulls,away,Magic,-1.5,225.0
20210206,Mavericks,home,Warriors,-4.0,233.0
20210206,Warriors,away,Mavericks,4.0,233.0
20210206,Pelicans,home,Grizzlies,1.0,227.0
20210206,Grizzlies,away,Pelicans,-1.0,227.0
20210206,Rockets,home,Spurs,-1.5,225.5
20210206,Spurs,away,Rockets,1.5,225.5
20210206,Seventysixers,home,Nets,-6.5,234.0
20210206,Nets,away,Seventysixers,6.5,234.0
20210206,Thunder,home,Timberwolves,-1.5,219.5
20210206,Timberwolves,away,Thunder,1.5,219.5
20210207,Clippers,home,Kings,-8.0,228.0
20210207,Kings,away,Clippers,8.0,228.0
20210207,Hornets,home,Wizards,1.5,238.0
20210207,Wizards,away,Hornets,-1.5,238.0
20210207,Knicks,home,Heat,5.5,206.5
20210207,Heat,away,Knicks,-5.5,206.5
20210207,Pacers,home,Jazz,5.0,225.0
20210207,Jazz,away,Pacers,-5.0,225.0
20210207,Suns,home,Celtics,-2.5,215.5
20210207,Celtics,away,Suns,2.5,215.5
20210208,Bulls,home,Wizards,-4.5,237.0
20210208,Wizards,away,Bulls,4.5,237.0
20210208,Grizzlies,home,Raptors,3.0,223.5
20210208,Raptors,away,Grizzlies,-3.0,223.5
20210208,Hornets,home,Rockets,1.5,220.0
20210208,Rockets,away,Hornets,-1.5,220.0
20210208,Lakers,home,Thunder,-9.5,220.5
20210208,Thunder,away,Lakers,9.5,220.5
20210208,Mavericks,home,Timberwolves,-9.5,228.5
20210208,Timberwolves,away,Mavericks,9.5,228.5
20210208,Nuggets,home,Bucks,2.5,234.0
20210208,Bucks,away,Nuggets,-2.5,234.0
20210208,Spurs,home,Warriors,-1.5,233.5
20210208,Warriors,away,Spurs,1.5,233.5
20210208,Suns,home,Cavaliers,-5.5,212.5
20210208,Cavaliers,away,Suns,5.5,212.5
20210209,Heat,home,Knicks,-6.5,207.5
20210209,Knicks,away,Heat,6.5,207.5
20210209,Jazz,home,Celtics,-5.5,221.0
20210209,Celtics,away,Jazz,5.5,221.0
20210209,Kings,home,Seventysixers,4.5,231.0
20210209,Seventysixers,away,Kings,-4.5,231.0
20210209,Pelicans,home,Rockets,-6.5,226.0
20210209,Rockets,away,Pelicans,6.5,226.0
20210209,Pistons,home,Nets,6.0,228.5
20210209,Nets,away,Pistons,-6.0,228.5
20210209,Spurs,home,Warriors,1.5,230.5
20210209,Warriors,away,Spurs,-1.5,230.5
20210209,Trailblazers,home,Magic,-6.0,220.5
20210209,Magic,away,Trailblazers,6.0,220.5
20210210,Bulls,home,Pelicans,2.5,230.0
20210210,Pelicans,away,Bulls,-2.5,230.0
20210210,Grizzlies,home,Hornets,-2.5,225.0
20210210,Hornets,away,Grizzlies,2.5,225.0
20210210,Lakers,home,Thunder,-12.0,217.5
20210210,Thunder,away,Lakers,12.0,217.5
20210210,Mavericks,home,Hawks,-3.5,230.5
20210210,Hawks,away,Mavericks,3.5,230.5
20210210,Nets,home,Pacers,1.5,235.0
20210210,Pacers,away,Nets,-1.5,235.0
20210210,Nuggets,home,Cavaliers,-9.5,219.0
20210210,Cavaliers,away,Nuggets,9.5,219.0
20210210,Suns,home,Bucks,3.5,228.5
20210210,Bucks,away,Suns,-3.5,228.5
20210210,Timberwolves,home,Clippers,8.5,224.5
20210210,Clippers,away,Timberwolves,-8.5,224.5
20210210,Wizards,home,Raptors,5.5,235.5
20210210,Raptors,away,Wizards,-5.5,235.5
20210211,Celtics,home,Raptors,-2.5,219.5
20210211,Raptors,away,Celtics,2.5,219.5
20210211,Pistons,home,Pacers,3.5,215.5
20210211,Pacers,away,Pistons,-3.5,215.5
20210211,Rockets,home,Heat,2.5,215.0
20210211,Heat,away,Rockets,-2.5,215.0
20210211,Trailblazers,home,Seventysixers,6.0,229.0
20210211,Seventysixers,away,Trailblazers,-6.0,229.0
20210211,Warriors,home,Magic,-8.5,222.5
20210211,Magic,away,Warriors,8.5,222.5
20210212,Bulls,home,Clippers,7.5,225.5
20210212,Clippers,away,Bulls,-7.5,225.5
20210212,Celtics,home,Pistons,-7.5,211.0
20210212,Pistons,away,Celtics,7.5,211.0
20210212,Hawks,home,Spurs,-2.5,224.5
20210212,Spurs,away,Hawks,2.5,224.5
20210212,Hornets,home,Timberwolves,-3.0,230.0
20210212,Timberwolves,away,Hornets,3.0,230.0
20210212,Jazz,home,Bucks,-2.5,233.5
20210212,Bucks,away,Jazz,2.5,233.5
20210212,Kings,home,Magic,-6.5,218.0
20210212,Magic,away,Kings,6.5,218.0
20210212,Lakers,home,Grizzlies,-8.0,218.0
20210212,Grizzlies,away,Lakers,8.0,218.0
20210212,Mavericks,home,Pelicans,-3,233.5
20210212,Pelicans,away,Mavericks,3,233.5
20210212,Nuggets,home,Thunder,-11.5,221.5
20210212,Thunder,away,Nuggets,11.5,221.5
20210212,Trailblazers,home,Cavaliers,-4.0,221.5
20210212,Cavaliers,away,Trailblazers,4.0,221.5
20210212,Wizards,home,Knicks,3.0,219.0
20210212,Knicks,away,Wizards,-3.0,219.0
20210213,Hawks,home,Pacers,1.5,224.5
20210213,Pacers,away,Hawks,-1.5,224.5
20210213,Jazz,home,Heat,-6.5,216.0
20210213,Heat,away,Jazz,6.5,216.0
20210213,Knicks,home,Rockets,-0.5,213.0
20210213,Rockets,away,Knicks,0.5,213.0
20210213,Suns,home,Seventysixers,-1.5,221.0
20210213,Seventysixers,away,Suns,1.5,221.0
20210213,Warriors,home,Nets,3.0,245.5
20210213,Nets,away,Warriors,-3.0,245.5
20210214,Clippers,home,Cavaliers,-9.0,219.5
20210214,Cavaliers,away,Clippers,9.0,219.5
20210214,Hornets,home,Spurs,4.0,227.0
20210214,Spurs,away,Hornets,-4.0,227.0
20210214,Kings,home,Grizzlies,-2.5,231.5
20210214,Grizzlies,away,Kings,2.5,231.5
20210214,Mavericks,home,Trailblazers,-5.5,235.5
20210214,Trailblazers,away,Mavericks,5.5,235.5
20210214,Nuggets,home,Lakers,3.0,218.5
20210214,Lakers,away,Nuggets,-3.0,218.5
20210214,Pistons,home,Pelicans,5.0,221.5
20210214,Pelicans,away,Pistons,-5.0,221.5
20210214,Raptors,home,Timberwolves,-7.5,228.5
20210214,Timberwolves,away,Raptors,7.5,228.5
20210214,Suns,home,Magic,-11.5,212.0
20210214,Magic,away,Suns,11.5,212.0
20210214,Thunder,home,Bucks,12.0,228.5
20210214,Bucks,away,Thunder,-12.0,228.5
20210214,Wizards,home,Celtics,7.0,230.0
20210214,Celtics,away,Wizards,-7.0,230.0
20210215,Clippers,home,Heat,4.5,217.5
20210215,Heat,away,Clippers,-4.5,217.5
20210215,Jazz,home,Seventysixers,-8.5,225.0
20210215,Seventysixers,away,Jazz,8.5,225.0
20210215,Kings,home,Nets,5.0,242.5
20210215,Nets,away,Kings,-5.0,242.5
20210215,Knicks,home,Hawks,1.5,218.5
20210215,Hawks,away,Knicks,-1.5,218.5
20210215,Pacers,home,Bulls,-4.5,224.5
20210215,Bulls,away,Pacers,4.5,224.5
20210215,Warriors,home,Cavaliers,-10.0,226.5
20210215,Cavaliers,away,Warriors,10.0,226.5
20210215,Wizards,home,Rockets,-2.0,233.5
20210215,Rockets,away,Wizards,2.0,233.5
20210216,Bucks,home,Raptors,-5.5,236.5
20210216,Raptors,away,Bucks,5.5,236.5
20210216,Celtics,home,Nuggets,-2.0,222.5
20210216,Nuggets,away,Celtics,2.0,222.5
20210216,Grizzlies,home,Pelicans,1.0,232.0
20210216,Pelicans,away,Grizzlies,-1.0,232.0
20210216,Suns,home,Nets,-8.0,226.0
20210216,Nets,away,Suns,8.0,226.0
20210216,Thunder,home,Trailblazers,5.5,226.0
20210216,Trailblazers,away,Thunder,-5.5,226.0
20210216,Timberwolves,home,Lakers,6.5,223.0
20210216,Lakers,away,Timberwolves,-6.5,223.0
20210217,Bulls,home,Pistons,-3.0,219.5
20210217,Pistons,away,Bulls,3.0,219.5
20210217,Celtics,home,Hawks,-2.0,222.5
20210217,Hawks,away,Celtics,2.0,222.5
20210217,Clippers,home,Jazz,6.5,228.0
20210217,Jazz,away,Clippers,-6.5,228.0
20210217,Grizzlies,home,Thunder,-7.0,227.0
20210217,Thunder,away,Grizzlies,7.0,227.0
20210217,Magic,home,Knicks,3.5,209.5
20210217,Knicks,away,Magic,-3.5,209.5
20210217,Pelicans,home,Trailblazers,-4.0,237.0
20210217,Trailblazers,away,Pelicans,4.0,237.0
20210217,Seventysixers,home,Rockets,-8.0,227.0
20210217,Rockets,away,Seventysixers,8.0,227.0
20210217,Timberwolves,home,Pacers,5.0,225.5
20210217,Pacers,away,Timberwolves,-5.0,225.5
20210217,Warriors,home,Heat,-1.5,222.5
20210217,Heat,away,Warriors,1.5,222.5
20210217,Wizards,home,Nuggets,4.5,235.0
20210217,Nuggets,away,Wizards,-4.5,235.0
20210218,Bucks,home,Raptors,-7.0,233.5
20210218,Raptors,away,Bucks,7.0,233.5
20210218,Kings,home,Heat,-1.0,226.0
20210218,Heat,away,Kings,1.0,226.0
20210218,Lakers,home,Nets,-3.0,230.0
20210218,Nets,away,Lakers,3.0,230.0
20210219,Bucks,home,Thunder,-10.0,232.5
20210219,Thunder,away,Bucks,10.0,232.5
20210219,Cavaliers,home,Nuggets,9.0,226.0
20210219,Nuggets,away,Cavaliers,-9.0,226.0
20210219,Celtics,home,Hawks,-5.0,226.5
20210219,Hawks,away,Celtics,5.0,226.5
20210219,Clippers,home,Jazz,-0.5,228.0
20210219,Jazz,away,Clippers,0.5,228.0
20210219,Grizzlies,home,Pistons,-4.5,219.5
20210219,Pistons,away,Grizzlies,4.5,219.5
20210219,Magic,home,Warriors,5.0,225.0
20210219,Warriors,away,Magic,-5.0,225.0
20210219,Pelicans,home,Suns,3.5,231.0
20210219,Suns,away,Pelicans,-3.5,231.0
20210219,Seventysixers,home,Bulls,-6.0,227.0
20210219,Bulls,away,Seventysixers,6.0,227.0
20210219,Timberwolves,home,Raptors,2.5,225.5
20210219,Raptors,away,Timberwolves,-2.5,225.5
20210220,Bulls,home,Kings,1.5,235.5
20210220,Kings,away,Bulls,-1.5,235.5
20210220,Grizzlies,home,Suns,6.5,223.5
20210220,Suns,away,Grizzlies,-6.5,223.5
20210220,Hornets,home,Warriors,2.0,234.5
20210220,Warriors,away,Hornets,-2.0,234.5
20210220,Lakers,home,Heat,-4.0,209.0
20210220,Heat,away,Lakers,4.0,209.0
20210220,Trailblazers,home,Wizards,-5.0,242.5
20210220,Wizards,away,Trailblazers,5.0,242.5
20210221,Bucks,home,Kings,-10.0,240.0
20210221,Kings,away,Bucks,10.0,240.0
20210221,Cavaliers,home,Thunder,3.0,219.5
20210221,Thunder,away,Cavaliers,-3.0,219.5
20210221,Clippers,home,Nets,-6.5,234.5
20210221,Nets,away,Clippers,6.5,234.5
20210221,Hawks,home,Nuggets,2.5,232.5
20210221,Nuggets,away,Hawks,-2.5,232.5
20210221,Knicks,home,Timberwolves,-3.0,217.5
20210221,Timberwolves,away,Knicks,3.0,217.5
20210221,Magic,home,Pistons,-3.0,210.5
20210221,Pistons,away,Magic,3.0,210.5
20210221,Pelicans,home,Celtics,2.0,230.0
20210221,Celtics,away,Pelicans,-2.0,230.0
20210221,Raptors,home,Seventysixers,3.0,223.5
20210221,Seventysixers,away,Raptors,-3.0,223.5
20210222,Jazz,home,Hornets,-12.5,228.0
20210222,Hornets,away,Jazz,12.5,228.0
20210222,Lakers,home,Wizards,-6.5,228.5
20210222,Wizards,away,Lakers,6.5,228.5
20210222,Mavericks,home,Grizzlies,-4.5,232.0
20210222,Grizzlies,away,Mavericks,4.5,232.0
20210222,Rockets,home,Bulls,1.0,226.0
20210222,Bulls,away,Rockets,-1.0,226.0
20210222,Suns,home,Trailblazers,-6.0,227.0
20210222,Trailblazers,away,Suns,6.0,227.0
20210222,Thunder,home,Heat,7.0,212.5
20210222,Heat,away,Thunder,-7.0,212.5
20210223,Bucks,home,Timberwolves,-10.0,232.0
20210223,Timberwolves,away,Bucks,10.0,232.0
20210223,Cavaliers,home,Hawks,8.0,228.0
20210223,Hawks,away,Cavaliers,-8.0,228.0
20210223,Clippers,home,Wizards,-12.0,236.0
20210223,Wizards,away,Clippers,12.0,236.0
20210223,Knicks,home,Warriors,4.0,222.0
20210223,Warriors,away,Knicks,-4.0,222.0
20210223,Magic,home,Pistons,-4.5,210.5
20210223,Pistons,away,Magic,4.5,210.5
20210223,Mavericks,home,Celtics,2.5,223.5
20210223,Celtics,away,Mavericks,-2.5,223.5
20210223,Nets,home,Kings,-5.5,241.5
20210223,Kings,away,Nets,5.5,241.5
20210223,Nuggets,home,Trailblazers,-6.0,232.0
20210223,Trailblazers,away,Nuggets,6.0,232.0
20210223,Raptors,home,Seventysixers,3.0,221.5
20210223,Seventysixers,away,Raptors,-3.0,221.5
20210224,Bulls,home,Timberwolves,-4.5,229.5
20210224,Timberwolves,away,Bulls,4.5,229.5
20210224,Cavaliers,home,Rockets,5.0,221.5
20210224,Rockets,away,Cavaliers,-5.0,221.5
20210224,Hawks,home,Celtics,1.5,222.0
20210224,Celtics,away,Hawks,-1.5,222.0
20210224,Heat,home,Raptors,-1.5,214.0
20210224,Raptors,away,Heat,1.5,214.0
20210224,Jazz,home,Lakers,-8.5,218.5
20210224,Lakers,away,Jazz,8.5,218.5
20210224,Pacers,home,Warriors,-2.0,231.0
20210224,Warriors,away,Pacers,2.0,231.0
20210224,Pelicans,home,Pistons,-11.0,221.5
20210224,Pistons,away,Pelicans,11.0,221.5
20210224,Suns,home,Hornets,-9.5,225.0
20210224,Hornets,away,Suns,9.5,225.0
20210224,Thunder,home,Spurs,1.0,218.0
20210224,Spurs,away,Thunder,-1.0,218.0
20210225,Bucks,home,Pelicans,-7.5,242.0
20210225,Pelicans,away,Bucks,7.5,242.0
20210225,Grizzlies,home,Clippers,8.0,225.5
20210225,Clippers,away,Grizzlies,-8.0,225.5
20210225,Knicks,home,Kings,-1.0,225.5
20210225,Kings,away,Knicks,1.0,225.5
20210225,Nets,home,Magic,-8.5,229.5
20210225,Magic,away,Nets,8.5,229.5
20210225,Nuggets,home,Wizards,-8.0,237.5
20210225,Wizards,away,Nuggets,8.0,237.5
20210225,Seventysixers,home,Mavericks,-5.0,229.0
20210225,Mavericks,away,Seventysixers,5.0,229.0
20210226,Bulls,home,Suns,6.5,226.5
20210226,Suns,away,Bulls,-6.5,226.5
20210226,Celtics,home,Pacers,-2.5,219.0
20210226,Pacers,away,Celtics,2.5,219.0
20210226,Grizzlies,home,Clippers,7.5,223.5
20210226,Clippers,away,Grizzlies,-7.5,223.5
20210226,Heat,home,Jazz,5.5,220.0
20210226,Jazz,away,Heat,-5.5,220.0
20210226,Lakers,home,Trailblazers,-5.0,222.5
20210226,Trailblazers,away,Lakers,5.0,222.5
20210226,Pistons,home,Kings,1.5,227.5
20210226,Kings,away,Pistons,-1.5,227.5
20210226,Raptors,home,Rockets,-6.5,219.0
20210226,Rockets,away,Raptors,6.5,219.0
20210226,Thunder,home,Hawks,5.5,227.0
20210226,Hawks,away,Thunder,-5.5,227.0
20210226,Warriors,home,Hornets,-6.5,233.5
20210226,Hornets,away,Warriors,6.5,233.5
20210227,Knicks,home,Pacers,-1.5,217.0
20210227,Pacers,away,Knicks,1.5,217.0
20210227,Magic,home,Jazz,9.5,221.0
20210227,Jazz,away,Magic,-9.5,221.0
20210227,Nets,home,Mavericks,-1.0,234.0
20210227,Mavericks,away,Nets,1.0,234.0
20210227,Seventysixers,home,Cavaliers,-11.0,221.5
20210227,Cavaliers,away,Seventysixers,11.0,221.5
20210227,Spurs,home,Pelicans,2.0,234.5
20210227,Pelicans,away,Spurs,-2.0,234.5
20210227,Thunder,home,Nuggets,6.5,220.5
20210227,Nuggets,away,Thunder,-6.5,220.5
20210227,Wizards,home,Timberwolves,-4.0,237.5
20210227,Timberwolves,away,Wizards,4.0,237.5
20210228,Bucks,home,Clippers,-1.5,232.5
20210228,Clippers,away,Bucks,1.5,232.5
20210228,Celtics,home,Wizards,-6.5,231.5
20210228,Wizards,away,Celtics,6.5,231.5
20210228,Heat,home,Hawks,-2.5,224.5
20210228,Hawks,away,Heat,2.5,224.5
20210228,Kings,home,Hornets,-3.0,237.0
20210228,Hornets,away,Kings,3.0,237.0
20210228,Lakers,home,Warriors,-2.5,221.0
20210228,Warriors,away,Lakers,2.5,221.0
20210228,Pistons,home,Knicks,1.0,209.5
20210228,Knicks,away,Pistons,-1.0,209.5
20210228,Rockets,home,Grizzlies,4.0,224.0
20210228,Grizzlies,away,Rockets,-4.0,224.0
20210228,Timberwolves,home,Suns,10.5,225.0
20210228,Suns,away,Timberwolves,-10.5,225.0
20210301,Bulls,home,Nuggets,4.5,225.0
20210301,Nuggets,away,Bulls,-4.5,225.0
20210301,Magic,home,Mavericks,7.0,220.0
20210301,Mavericks,away,Magic,-7.0,220.0
20210301,Pelicans,home,Jazz,6.5,237.0
20210301,Jazz,away,Pelicans,-6.5,237.0
20210301,Rockets,home,Cavaliers,-3.0,217.0
20210301,Cavaliers,away,Rockets,3.0,217.0
20210301,Seventysixers,home,Pacers,-3.5,224.0
20210301,Pacers,away,Seventysixers,3.5,224.0
20210301,Spurs,home,Nets,4.0,233.5
20210301,Nets,away,Spurs,-4.0,233.5
20210301,Trailblazers,home,Hornets,-8.0,230.0
20210301,Hornets,away,Trailblazers,8.0,230.0
20210302,Bucks,home,Nuggets,-8.0,233.5
20210302,Nuggets,away,Bucks,8.0,233.5
20210302,Celtics,home,Clippers,4.5,222.0
20210302,Clippers,away,Celtics,-4.5,222.0
20210302,Heat,home,Hawks,-2.0,223.5
20210302,Hawks,away,Heat,2.0,223.5
20210302,Lakers,home,Suns,1.0,215.5
20210302,Suns,away,Lakers,-1.0,215.5
20210302,Spurs,home,Knicks,1.5,211.5
20210302,Knicks,away,Spurs,-1.5,211.5
20210302,Wizards,home,Grizzlies,-1.0,237.5
20210302,Grizzlies,away,Wizards,1.0,237.5
20210303,Cavaliers,home,Pacers,7.0,219.0
20210303,Pacers,away,Cavaliers,-7.0,219.0
20210303,Kings,home,Lakers,-4.0,223.5
20210303,Lakers,away,Kings,4.0,223.5
20210303,Magic,home,Hawks,3.0,220.0
20210303,Hawks,away,Magic,-3.0,220.0
20210303,Mavericks,home,Thunder,-5.0,220.0
20210303,Thunder,away,Mavericks,5.0,220.0
20210303,Pelicans,home,Bulls,-6.0,237.0
20210303,Bulls,away,Pelicans,6.0,237.0
20210303,Raptors,home,Pistons,-7.5,211.5
20210303,Pistons,away,Raptors,7.5,211.5
20210303,Rockets,home,Nets,10.5,226.5
20210303,Nets,away,Rockets,-10.5,226.5
20210303,Seventysixers,home,Jazz,3.5,231.0
20210303,Jazz,away,Seventysixers,-3.5,231.0
20210303,Timberwolves,home,Hornets,2.5,234.5
20210303,Hornets,away,Timberwolves,-2.5,234.5
20210303,Trailblazers,home,Warriors,1.0,233.0
20210303,Warriors,away,Trailblazers,-1.0,233.0
20210304,Celtics,home,Raptors,-8.0,221.5
20210304,Raptors,away,Celtics,8.0,221.5
20210304,Grizzlies,home,Bucks,6.0,236.0
20210304,Bucks,away,Grizzlies,-6.0,236.0
20210304,Knicks,home,Pistons,-7.0,206.0
20210304,Pistons,away,Knicks,7.0,206.0
20210304,Pacers,home,Nuggets,3.5,227.5
20210304,Nuggets,away,Pacers,-3.5,227.5
20210304,Pelicans,home,Heat,2.0,225.0
20210304,Heat,away,Pelicans,-2.0,225.0
20210304,Spurs,home,Thunder,-7.0,219.5
20210304,Thunder,away,Spurs,7.0,219.5
20210304,Suns,home,Warriors,-13.0,220.0
20210304,Warriors,away,Suns,13.0,220.0
20210304,Trailblazers,home,Kings,-4.5,237.0
20210304,Kings,away,Trailblazers,4.5,237.0
20210304,Wizards,home,Clippers,8.5,237.0
20210304,Clippers,away,Wizards,-8.5,237.0
20210310,Grizzlies,home,Wizards,-3.5,237.0
20210310,Wizards,away,Grizzlies,3.5,237.0
20210310,Mavericks,home,Spurs,-4.5,226.5
20210310,Spurs,away,Mavericks,4.5,226.5
20210311,Bucks,home,Knicks,-10.5,222.5
20210311,Knicks,away,Bucks,10.5,222.5
20210311,Bulls,home,Seventysixers,-3.0,229.0
20210311,Seventysixers,away,Bulls,3.0,229.0
20210311,Clippers,home,Warriors,-6.5,229.5
20210311,Warriors,away,Clippers,6.5,229.5
20210311,Heat,home,Magic,-9.0,210.0
20210311,Magic,away,Heat,9.0,210.0
20210311,Hornets,home,Pistons,-4.5,225.5
20210311,Pistons,away,Hornets,4.5,225.5
20210311,Kings,home,Rockets,-6.0,231.0
20210311,Rockets,away,Kings,6.0,231.0
20210311,Nets,home,Celtics,-2.5,232.0
20210311,Celtics,away,Nets,2.5,232.0
20210311,Pelicans,home,Timberwolves,-8.0,237.5
20210311,Timberwolves,away,Pelicans,8.0,237.5
20210311,Raptors,home,Hawks,3.5,226.5
20210311,Hawks,away,Raptors,-3.5,226.5
20210311,Thunder,home,Mavericks,2.5,215.5
20210311,Mavericks,away,Thunder,-2.5,215.5
20210311,Trailblazers,home,Suns,4.5,226.5
20210311,Suns,away,Trailblazers,-4.5,226.5
20210312,Bulls,home,Heat,2.0,222.5
20210312,Heat,away,Bulls,-2.0,222.5
20210312,Grizzlies,home,Nuggets,2.5,229.5
20210312,Nuggets,away,Grizzlies,-2.5,229.5
20210312,Jazz,home,Rockets,-19.0,229.5
20210312,Rockets,away,Jazz,19.0,229.5
20210312,Lakers,home,Pacers,-4.5,219.0
20210312,Pacers,away,Lakers,4.5,219.0
20210312,Pelicans,home,Cavaliers,-6.5,225.5
20210312,Cavaliers,away,Pelicans,6.5,225.5
20210312,Spurs,home,Magic,-7.5,214.5
20210312,Magic,away,Spurs,7.5,214.5
20210312,Wizards,home,Seventysixers,3.5,238.5
20210312,Seventysixers,away,Wizards,-3.5,238.5
20210313,Hawks,home,Kings,-4.0,239.5
20210313,Kings,away,Hawks,4.0,239.5
20210313,Hornets,home,Raptors,-2.0,234.0
20210313,Raptors,away,Hornets,2.0,234.0
20210313,Nets,home,Pistons,-11.0,226.5
20210313,Pistons,away,Nets,11.0,226.5
20210313,Nuggets,home,Mavericks,-1.5,225.5
20210313,Mavericks,away,Nuggets,1.5,225.5
20210313,Suns,home,Pacers,-7.0,225.5
20210313,Pacers,away,Suns,7.0,225.5
20210313,Thunder,home,Knicks,4.5,208.0
20210313,Knicks,away,Thunder,-4.5,208.0
20210313,Timberwolves,home,Trailblazers,5.0,234.5
20210313,Trailblazers,away,Timberwolves,-5.0,234.5
20210313,Wizards,home,Bucks,13.0,236.5
20210313,Bucks,away,Wizards,-13.0,236.5
20210314,Bulls,home,Raptors,-3.0,229.0
20210314,Raptors,away,Bulls,3.0,229.0
20210314,Hawks,home,Cavaliers,-5.5,223.0
20210314,Cavaliers,away,Hawks,5.5,223.0
20210314,Magic,home,Heat,8.0,207.0
20210314,Heat,away,Magic,-8.0,207.0
20210314,Pelicans,home,Clippers,6.0,233.0
20210314,Clippers,away,Pelicans,-6.0,233.0
20210314,Rockets,home,Celtics,11.0,221.5
20210314,Celtics,away,Rockets,-11.0,221.5
20210314,Seventysixers,home,Spurs,-4.5,223.0
20210314,Spurs,away,Seventysixers,4.5,223.0
20210314,Thunder,home,Grizzlies,9.0,222.5
20210314,Grizzlies,away,Thunder,-9.0,222.5
20210314,Timberwolves,home,Trailblazers,5.0,234.5
20210314,Trailblazers,away,Timberwolves,-5.0,234.5
20210314,Warriors,home,Jazz,7.5,233.5
20210314,Jazz,away,Warriors,-7.5,233.5
20210315,Hornets,home,Kings,-3.0,240.0
20210315,Kings,away,Hornets,3.0,240.0
20210315,Mavericks,home,Clippers,1.5,228.5
20210315,Clippers,away,Mavericks,-1.5,228.5
20210315,Nets,home,Knicks,-8.5,223.5
20210315,Knicks,away,Nets,8.5,223.5
20210315,Nuggets,home,Pacers,-4.5,223.5
20210315,Pacers,away,Nuggets,4.5,223.5
20210315,Pistons,home,Spurs,1.5,211.5
20210315,Spurs,away,Pistons,-1.5,211.5
20210315,Suns,home,Grizzlies,-7.0,227.0
20210315,Grizzlies,away,Suns,7.0,227.0
20210315,Warriors,home,Lakers,2.0,225.0
20210315,Lakers,away,Warriors,-2.0,225.0
20210315,Wizards,home,Bucks,9.0,245.0
20210315,Bucks,away,Wizards,-9.0,245.0
20210316,Bulls,home,Thunder,-6.5,227.5
20210316,Thunder,away,Bulls,6.5,227.5
20210316,Celtics,home,Jazz,4.0,229.5
20210316,Jazz,away,Celtics,-4.0,229.5
20210316,Heat,home,Cavaliers,-11.0,206.5
20210316,Cavaliers,away,Heat,11.0,206.5
20210316,Lakers,home,Timberwolves,-7.5,223.0
20210316,Timberwolves,away,Lakers,7.5,223.0
20210316,Rockets,home,Hawks,9.0,225.0
20210316,Hawks,away,Rockets,-9.0,225.0
20210316,Seventysixers,home,Knicks,-7.0,219.0
20210316,Knicks,away,Seventysixers,7.0,219.0
20210316,Trailblazers,home,Pelicans,-2.0,239.0
20210316,Pelicans,away,Trailblazers,2.0,239.0
20210317,Bulls,home,Spurs,-1.5,223.5
20210317,Spurs,away,Bulls,1.5,223.5
20210317,Cavaliers,home,Celtics,8.0,212.5
20210317,Celtics,away,Cavaliers,-8.0,212.5
20210317,Grizzlies,home,Heat,1.0,220.0
20210317,Heat,away,Grizzlies,-1.0,220.0
20210317,Mavericks,home,Clippers,2.5,226.0
20210317,Clippers,away,Mavericks,-2.5,226.0
20210317,Nuggets,home,Hornets,-6.5,229.0
20210317,Hornets,away,Nuggets,6.5,229.0
20210317,Pacers,home,Nets,-1.5,230.0
20210317,Nets,away,Pacers,1.5,230.0
20210317,Pistons,home,Raptors,6.0,218.5
20210317,Raptors,away,Pistons,-6.0,218.5
20210317,Rockets,home,Warriors,11.5,230.0
20210317,Warriors,away,Rockets,-11.5,230.0
20210317,Seventysixers,home,Bucks,6.0,234.5
20210317,Bucks,away,Seventysixers,-6.0,234.5
20210317,Wizards,home,Kings,-2.0,247.0
20210317,Kings,away,Wizards,2.0,247.0
20210318,Hawks,home,Thunder,-8.5,223.5
20210318,Thunder,away,Hawks,8.5,223.5
20210318,Knicks,home,Magic,-5.0,206.5
20210318,Magic,away,Knicks,5.0,206.5
20210318,Lakers,home,Hornets,-7.0,224.5
20210318,Hornets,away,Lakers,7.0,224.5
20210318,Suns,home,Timberwolves,-11.0,232.5
20210318,Timberwolves,away,Suns,11.0,232.5
20210318,Trailblazers,home,Pelicans,-1.0,239.5
20210318,Pelicans,away,Trailblazers,1.0,239.5
20210318,Wizards,home,Jazz,10.5,241.0
20210318,Jazz,away,Wizards,-10.5,241.0
20210319,Cavaliers,home,Spurs,5.0,213.5
20210319,Spurs,away,Cavaliers,-5.0,213.5
20210319,Celtics,home,Kings,-7.0,232.0
20210319,Kings,away,Celtics,7.0,232.0
20210319,Grizzlies,home,Warriors,-6.5,220.5
20210319,Warriors,away,Grizzlies,6.5,220.5
20210319,Heat,home,Pacers,-4.5,216.5
20210319,Pacers,away,Heat,4.5,216.5
20210319,Magic,home,Nets,10.5,225.0
20210319,Nets,away,Magic,-10.5,225.0
20210319,Nuggets,home,Bulls,-7.0,225.0
20210319,Bulls,away,Nuggets,7.0,225.0
20210319,Raptors,home,Jazz,5.0,231.5
20210319,Jazz,away,Raptors,-5.0,231.5
20210319,Rockets,home,Pistons,-2.0,216.0
20210319,Pistons,away,Rockets,2.0,216.0
20210319,Suns,home,Timberwolves,-10.5,233.5
20210319,Timberwolves,away,Suns,10.5,233.5
20210319,Trailblazers,home,Mavericks,2.5,228.0
20210319,Mavericks,away,Trailblazers,-2.5,228.0
20210320,Bucks,home,Spurs,-11.5,229.5
20210320,Spurs,away,Bucks,11.5,229.5
20210320,Clippers,home,Hornets,-9.5,232.0
20210320,Hornets,away,Clippers,9.5,232.0
20210320,Grizzlies,home,Warriors,-6.5,220.5
20210320,Warriors,away,Grizzlies,6.5,220.5
20210320,Lakers,home,Hawks,-3.5,219.0
20210320,Hawks,away,Lakers,3.5,219.0
20210320,Seventysixers,home,Kings,-4.5,229.0
20210320,Kings,away,Seventysixers,4.5,229.0
20210321,Cavaliers,home,Raptors,7.5,216.0
20210321,Raptors,away,Cavaliers,-7.5,216.0
20210321,Celtics,home,Magic,-9.0,215.5
20210321,Magic,away,Celtics,9.0,215.5
20210321,Heat,home,Pacers,-3.5,218.5
20210321,Pacers,away,Heat,3.5,218.5
20210321,Knicks,home,Seventysixers,1.0,211.5
20210321,Seventysixers,away,Knicks,-1.0,211.5
20210321,Nets,home,Wizards,-9.0,249.0
20210321,Wizards,away,Nets,9.0,249.0
20210321,Nuggets,home,Pelicans,-6.5,230.5
20210321,Pelicans,away,Nuggets,6.5,230.5
20210321,Pistons,home,Bulls,3.5,217.0
20210321,Bulls,away,Pistons,-3.5,217.0
20210321,Rockets,home,Thunder,-4.5,218.0
20210321,Thunder,away,Rockets,4.5,218.0
20210321,Suns,home,Lakers,-10.0,216.0
20210321,Lakers,away,Suns,10.0,216.0
20210321,Trailblazers,home,Mavericks,2.0,228.5
20210321,Mavericks,away,Trailblazers,-2.0,228.5
20210322,Bucks,home,Pacers,-6.5,234.0
20210322,Pacers,away,Bucks,6.5,234.0
20210322,Bulls,home,Jazz,9.5,228.0
20210322,Jazz,away,Bulls,-9.5,228.0
20210322,Cavaliers,home,Kings,4.5,224.0
20210322,Kings,away,Cavaliers,-4.5,224.0
20210322,Clippers,home,Hawks,-6.5,225.0
20210322,Hawks,away,Clippers,6.5,225.0
20210322,Grizzlies,home,Celtics,-4.5,218.5
20210322,Celtics,away,Grizzlies,4.5,218.5
20210322,Rockets,home,Raptors,8.5,226.0
20210322,Raptors,away,Rockets,-8.5,226.0
20210322,Spurs,home,Hornets,-5.0,223.5
20210322,Hornets,away,Spurs,5.0,223.5
20210322,Timberwolves,home,Thunder,-5.0,230.5
20210322,Thunder,away,Timberwolves,5.0,230.5
20210323,Heat,home,Suns,2.0,214.0
20210323,Suns,away,Heat,-2.0,214.0
20210323,Knicks,home,Wizards,-2.5,221.5
20210323,Wizards,away,Knicks,2.5,221.5
20210323,Magic,home,Nuggets,7.5,217.0
20210323,Nuggets,away,Magic,-7.5,217.0
20210323,Pelicans,home,Lakers,-5.5,221.5
20210323,Lakers,away,Pelicans,5.5,221.5
20210323,Trailblazers,home,Nets,-2.5,232.5
20210323,Nets,away,Trailblazers,2.5,232.5
20210323,Warriors,home,Seventysixers,4.0,219.0
20210323,Seventysixers,away,Warriors,-4.0,219.0
20210324,Bucks,home,Celtics,-7.0,231.0
20210324,Celtics,away,Bucks,7.0,231.0
20210324,Bulls,home,Cavaliers,-7.5,214.5
20210324,Cavaliers,away,Bulls,7.5,214.5
20210324,Jazz,home,Nets,-13.0,227.5
20210324,Nets,away,Jazz,13.0,227.5
20210324,Kings,home,Hawks,3.0,231.5
20210324,Hawks,away,Kings,-3.0,231.5
20210324,Magic,home,Suns,9.5,215.5
20210324,Suns,away,Magic,-9.5,215.5
20210324,Pacers,home,Pistons,-7.0,219.0
20210324,Pistons,away,Pacers,7.0,219.0
20210324,Raptors,home,Nuggets,1.5,224.0
20210324,Nuggets,away,Raptors,-1.5,224.0
20210324,Rockets,home,Hornets,4.0,222.5
20210324,Hornets,away,Rockets,-4.0,222.5
20210324,Spurs,home,Clippers,6.0,222.0
20210324,Clippers,away,Spurs,-6.0,222.0
20210324,Thunder,home,Grizzlies,6.5,219.0
20210324,Grizzlies,away,Thunder,-6.5,219.0
20210324,Timberwolves,home,Mavericks,8.0,231.5
20210324,Mavericks,away,Timberwolves,-8.0,231.5
20210325,Heat,home,Trailblazers,2.5,216.5
20210325,Trailblazers,away,Heat,-2.5,216.5
20210325,Kings,home,Warriors,-4.5,229.0
20210325,Warriors,away,Kings,4.5,229.0
20210325,Knicks,home,Wizards,-2.5,224.0
20210325,Wizards,away,Knicks,2.5,224.0
20210325,Lakers,home,Seventysixers,6.0,214.0
20210325,Seventysixers,away,Lakers,-6.0,214.0
20210325,Spurs,home,Clippers,1.0,220.0
20210325,Clippers,away,Spurs,-1.0,220.0
20210326,Bucks,home,Celtics,-6.0,235.5
20210326,Celtics,away,Bucks,6.0,235.5
20210326,Hornets,home,Heat,1.5,213.5
20210326,Heat,away,Hornets,-1.5,213.5
20210326,Jazz,home,Grizzlies,-10.0,229.5
20210326,Grizzlies,away,Jazz,10.0,229.5
20210326,Lakers,home,Cavaliers,-4.0,207.0
20210326,Cavaliers,away,Lakers,4.0,207.0
20210326,Magic,home,Trailblazers,9.5,215.0
20210326,Trailblazers,away,Magic,-9.5,215.0
20210326,Mavericks,home,Pacers,1.5,225.0
20210326,Pacers,away,Mavericks,-1.5,225.0
20210326,Pelicans,home,Nuggets,3.0,231.5
20210326,Nuggets,away,Pelicans,-3.0,231.5
20210326,Pistons,home,Nets,6.5,218.0
20210326,Nets,away,Pistons,-6.5,218.0
20210326,Raptors,home,Suns,3.5,225.0
20210326,Suns,away,Raptors,-3.5,225.0
20210326,Timberwolves,home,Rockets,-4.0,229.5
20210326,Rockets,away,Timberwolves,4.0,229.5
20210326,Warriors,home,Hawks,7.0,218.5
20210326,Hawks,away,Warriors,-7.0,218.5
20210327,Bucks,home,Knicks,2.5,217.0
20210327,Knicks,away,Bucks,-2.5,217.0
20210327,Clippers,home,Seventysixers,-5.5,221.5
20210327,Seventysixers,away,Clippers,5.5,221.5
20210327,Jazz,home,Grizzlies,-9.0,226.5
20210327,Grizzlies,away,Jazz,9.0,226.5
20210327,Kings,home,Cavaliers,-8.5,225.5
20210327,Cavaliers,away,Kings,8.5,225.5
20210327,Pelicans,home,Mavericks,-5.5,224.0
20210327,Mavericks,away,Pelicans,5.5,224.0
20210327,Spurs,home,Bulls,-1.5,220.5
20210327,Bulls,away,Spurs,1.5,220.5
20210327,Thunder,home,Celtics,6.5,216.5
20210327,Celtics,away,Thunder,-6.5,216.5
20210327,Timberwolves,home,Rockets,-4.5,230.0
20210327,Rockets,away,Timberwolves,4.5,230.0
20210327,Wizards,home,Pistons,-5.5,224.0
20210327,Pistons,away,Wizards,5.5,224.0
20210328,Hornets,home,Suns,6.5,219.5
20210328,Suns,away,Hornets,-6.5,219.5
20210328,Lakers,home,Magic,-7.0,208.5
20210328,Magic,away,Lakers,7.0,208.5
20210328,Nuggets,home,Hawks,-5.0,221.0
20210328,Hawks,away,Nuggets,5.0,221.0
20210328,Raptors,home,Trailblazers,2.0,229.0
20210328,Trailblazers,away,Raptors,-2.0,229.0
20210329,Celtics,home,Pelicans,-3.0,230.0
20210329,Pelicans,away,Celtics,3.0,230.0
20210329,Clippers,home,Bucks,2.0,231.5
20210329,Bucks,away,Clippers,-2.0,231.5
20210329,Jazz,home,Cavaliers,-16.5,222.0
20210329,Cavaliers,away,Jazz,16.5,222.0
20210329,Knicks,home,Heat,3.5,205.5
20210329,Heat,away,Knicks,-3.5,205.5
20210329,Nets,home,Timberwolves,-10.5,239.5
20210329,Timberwolves,away,Nets,10.5,239.5
20210329,Pistons,home,Raptors,5.5,216.0
20210329,Raptors,away,Pistons,-5.5,216.0
20210329,Rockets,home,Grizzlies,8.0,227.0
20210329,Grizzlies,away,Rockets,-8.0,227.0
20210329,Spurs,home,Kings,-2.5,229.5
20210329,Kings,away,Spurs,2.5,229.5
20210329,Thunder,home,Mavericks,11.5,221.5
20210329,Mavericks,away,Thunder,-11.5,221.5
20210329,Warriors,home,Bulls,-1.5,229.0
20210329,Bulls,away,Warriors,1.5,229.0
20210329,Wizards,home,Pacers,7.0,230.5
20210329,Pacers,away,Wizards,-7.0,230.5
20210330,Clippers,home,Magic,-11.0,216.0
20210330,Magic,away,Clippers,11.0,216.0
20210330,Nuggets,home,Seventysixers,-5.0,220.0
20210330,Seventysixers,away,Nuggets,5.0,220.0
20210330,Suns,home,Hawks,-6.0,221.5
20210330,Hawks,away,Suns,6.0,221.5
20210330,Wizards,home,Hornets,4.5,224.5
20210330,Hornets,away,Wizards,-4.5,224.5
20210331,Celtics,home,Mavericks,-1.0,225.0
20210331,Mavericks,away,Celtics,1.0,225.0
20210331,Grizzlies,home,Jazz,6.0,225.0
20210331,Jazz,away,Grizzlies,-6.0,225.0
20210331,Lakers,home,Bucks,8.5,222.0
20210331,Bucks,away,Lakers,-8.5,222.0
20210331,Nets,home,Rockets,-12.5,229.0
20210331,Rockets,away,Nets,12.5,229.0
20210331,Pacers,home,Heat,1.0,217.5
20210331,Heat,away,Pacers,-1.0,217.5
20210331,Pistons,home,Trailblazers,7.5,221.5
20210331,Trailblazers,away,Pistons,-7.5,221.5
20210331,Spurs,home,Kings,-2.5,230.5
20210331,Kings,away,Spurs,2.5,230.5
20210331,Suns,home,Bulls,-8.0,216.0
20210331,Bulls,away,Suns,8.0,216.0
20210331,Thunder,home,Raptors,7.5,221.0
20210331,Raptors,away,Thunder,-7.5,221.0
20210331,Timberwolves,home,Knicks,3.0,217.0
20210331,Knicks,away,Timberwolves,-3.0,217.0
20210401,Cavaliers,home,Seventysixers,9.5,214.5
20210401,Seventysixers,away,Cavaliers,-9.5,214.5
20210401,Clippers,home,Nuggets,-2.0,220.0
20210401,Nuggets,away,Clippers,2.0,220.0
20210401,Heat,home,Warriors,-3.0,217.5
20210401,Warriors,away,Heat,3.0,217.5
20210401,Nets,home,Hornets,-2.5,222.5
20210401,Hornets,away,Nets,2.5,222.5
20210401,Pelicans,home,Magic,-5.0,213.0
20210401,Magic,away,Pelicans,5.0,213.0
20210401,Pistons,home,Wizards,1.0,219.5
20210401,Wizards,away,Pistons,-1.0,219.5
20210401,Spurs,home,Hawks,-1.0,223.0
20210401,Hawks,away,Spurs,1.0,223.0
20210402,Celtics,home,Rockets,-12.0,223.5
20210402,Rockets,away,Celtics,12.0,223.5
20210402,Grizzlies,home,Timberwolves,-6.5,232.5
20210402,Timberwolves,away,Grizzlies,6.5,232.5
20210402,Jazz,home,Bulls,-11.5,225.0
20210402,Bulls,away,Jazz,11.5,225.0
20210402,Kings,home,Lakers,-4.5,221.5
20210402,Lakers,away,Kings,4.5,221.5
20210402,Knicks,home,Mavericks,5.0,213.0
20210402,Mavericks,away,Knicks,-5.0,213.0
20210402,Pacers,home,Hornets,-5.0,218.5
20210402,Hornets,away,Pacers,5.0,218.5
20210402,Pelicans,home,Hawks,1.0,212.5
20210402,Hawks,away,Pelicans,-1.0,212.5
20210402,Raptors,home,Warriors,-5.0,219.0
20210402,Warriors,away,Raptors,5.0,219.0
20210402,Suns,home,Thunder,-14.0,220.5
20210402,Thunder,away,Suns,14.0,220.5
20210402,Trailblazers,home,Bucks,3.0,240.5
20210402,Bucks,away,Trailblazers,-3.0,240.5
20210403,Heat,home,Cavaliers,-12.0,209.5
20210403,Cavaliers,away,Heat,12.0,209.5
20210403,Jazz,home,Magic,-15.5,216.5
20210403,Magic,away,Jazz,15.5,216.5
20210403,Kings,home,Bucks,3.5,238.0
20210403,Bucks,away,Kings,-3.5,238.0
20210403,Pistons,home,Knicks,2.0,202.5
20210403,Knicks,away,Pistons,-2.0,202.5
20210403,Seventysixers,home,Timberwolves,-13.5,226.5
20210403,Timberwolves,away,Seventysixers,13.5,226.5
20210403,Spurs,home,Pacers,-6.5,220.5
20210403,Pacers,away,Spurs,6.5,220.5
20210403,Trailblazers,home,Thunder,-12.0,231.0
20210403,Thunder,away,Trailblazers,12.0,231.0
20210403,Wizards,home,Mavericks,6.0,228.5
20210403,Mavericks,away,Wizards,-6.0,228.5
20210404,Bulls,home,Nets,2.5,224.0
20210404,Nets,away,Bulls,-2.5,224.0
20210404,Celtics,home,Hornets,-9.5,216.5
20210404,Hornets,away,Celtics,9.5,216.5
20210404,Clippers,home,Lakers,-11.0,210.5
20210404,Lakers,away,Clippers,11.0,210.5
20210404,Hawks,home,Warriors,-1.5,231.0
20210404,Warriors,away,Hawks,1.5,231.0
20210404,Nuggets,home,Magic,-17.0,212.5
20210404,Magic,away,Nuggets,17.0,212.5
20210404,Rockets,home,Pelicans,3.0,220.0
20210404,Pelicans,away,Rockets,-3.0,220.0
20210404,Seventysixers,home,Grizzlies,-3.5,224.5
20210404,Grizzlies,away,Seventysixers,3.5,224.5
20210405,Mavericks,home,Jazz,5.5,222.0
20210405,Jazz,away,Mavericks,-5.5,222.0
20210405,Nets,home,Knicks,-6.5,217.5
20210405,Knicks,away,Nets,6.5,217.5
20210405,Raptors,home,Wizards,-5.0,225.0
20210405,Wizards,away,Raptors,5.0,225.0
20210405,Rockets,home,Suns,14.0,224.0
20210405,Suns,away,Rockets,-14.0,224.0
20210405,Spurs,home,Cavaliers,-8.0,217.0
20210405,Cavaliers,away,Spurs,8.0,217.0
20210405,Thunder,home,Pistons,3.0,214.0
20210405,Pistons,away,Thunder,-3.0,214.0
20210405,Timberwolves,home,Kings,4.0,236.5
20210405,Kings,away,Timberwolves,-4.0,236.5
20210406,Celtics,home,Seventysixers,1.5,222.0
20210406,Seventysixers,away,Celtics,-1.5,222.0
20210406,Clippers,home,Trailblazers,-6.5,228.5
20210406,Trailblazers,away,Clippers,6.5,228.5
20210406,Hawks,home,Pelicans,-4.0,232.0
20210406,Pelicans,away,Hawks,4.0,232.0
20210406,Heat,home,Grizzlies,-6.5,216.0
20210406,Grizzlies,away,Heat,6.5,216.0
20210406,Nuggets,home,Pistons,-11.5,214.0
20210406,Pistons,away,Nuggets,11.5,214.0
20210406,Pacers,home,Bulls,2.0,225.0
20210406,Bulls,away,Pacers,-2.0,225.0
20210406,Raptors,home,Lakers,1.5,208.5
20210406,Lakers,away,Raptors,-1.5,208.5
20210406,Warriors,home,Bucks,2.5,236.0
20210406,Bucks,away,Warriors,-2.5,236.0
20210407,Celtics,home,Knicks,-3.5,209.0
20210407,Knicks,away,Celtics,3.5,209.0
20210407,Hawks,home,Grizzlies,-1.5,226.0
20210407,Grizzlies,away,Hawks,1.5,226.0
20210407,Magic,home,Wizards,4.0,222.5
20210407,Wizards,away,Magic,-4.0,222.5
20210407,Nets,home,Pelicans,-9.5,233.5
20210407,Pelicans,away,Nets,9.5,233.5
20210407,Nuggets,home,Spurs,-5.5,218.5
20210407,Spurs,away,Nuggets,5.5,218.5
20210407,Pacers,home,Timberwolves,1.5,232.5
20210407,Timberwolves,away,Pacers,-1.5,232.5
20210407,Rockets,home,Mavericks,10.5,224.0
20210407,Mavericks,away,Rockets,-10.5,224.0
20210407,Suns,home,Jazz,2.5,227.0
20210407,Jazz,away,Suns,-2.5,227.0
20210407,Thunder,home,Hornets,5.5,213.0
20210407,Hornets,away,Thunder,-5.5,213.0
20210408,Clippers,home,Suns,-6.0,221.0
20210408,Suns,away,Clippers,6.0,221.0
20210408,Heat,home,Lakers,-9.5,205.5
20210408,Lakers,away,Heat,9.5,205.5
20210408,Jazz,home,Trailblazers,-5.5,233.5
20210408,Trailblazers,away,Jazz,5.5,233.5
20210408,Kings,home,Pistons,-7.5,224.5
20210408,Pistons,away,Kings,7.5,224.5
20210408,Mavericks,home,Bucks,-2.5,229.0
20210408,Bucks,away,Mavericks,2.5,229.0
20210408,Raptors,home,Bulls,4.0,217.0
20210408,Bulls,away,Raptors,-4.0,217.0
20210408,Thunder,home,Cavaliers,4.0,218.5
20210408,Cavaliers,away,Thunder,-4.0,218.5
20210409,Bucks,home,Hornets,3.5,219.0
20210409,Hornets,away,Bucks,-3.5,219.0
20210409,Celtics,home,Timberwolves,-8.5,227.5
20210409,Timberwolves,away,Celtics,8.5,227.5
20210409,Clippers,home,Rockets,-10.5,220.0
20210409,Rockets,away,Clippers,10.5,220.0
20210409,Hawks,home,Bulls,-2.5,225.0
20210409,Bulls,away,Hawks,2.5,225.0
20210409,Knicks,home,Grizzlies,1.5,216.5
20210409,Grizzlies,away,Knicks,-1.5,216.5
20210409,Magic,home,Pacers,6.5,224.0
20210409,Pacers,away,Magic,-6.5,224.0
20210409,Nuggets,home,Spurs,-6.5,219.5
20210409,Spurs,away,Nuggets,6.5,219.5
20210409,Pelicans,home,Seventysixers,5.5,229.0
20210409,Seventysixers,away,Pelicans,-5.5,229.0
20210409,Warriors,home,Wizards,-5.0,240.0
20210409,Wizards,away,Warriors,5.0,240.0
20210410,Cavaliers,home,Raptors,-3.0,218.5
20210410,Raptors,away,Cavaliers,3.0,218.5
20210410,Jazz,home,Kings,-11.5,230.0
20210410,Kings,away,Jazz,11.5,230.0
20210410,Nets,home,Lakers,-11.5,223.0
20210410,Lakers,away,Nets,11.5,223.0
20210410,Suns,home,Wizards,-13.5,225.5
20210410,Wizards,away,Suns,13.5,225.5
20210410,Thunder,home,Seventysixers,10.0,217.0
20210410,Seventysixers,away,Thunder,-10.0,217.0
20210410,Trailblazers,home,Pistons,-11.5,226.5
20210410,Pistons,away,Trailblazers,11.5,226.5
20210410,Warriors,home,Rockets,-7.0,228.0
20210410,Rockets,away,Warriors,7.0,228.0
20210411,Cavaliers,home,Pelicans,9.0,223.0
20210411,Pelicans,away,Cavaliers,-9.0,223.0
20210411,Clippers,home,Pistons,-12.5,215.0
20210411,Pistons,away,Clippers,12.5,215.0
20210411,Grizzlies,home,Pacers,-4.0,234.5
20210411,Pacers,away,Grizzlies,4.0,234.5
20210411,Hornets,home,Hawks,-2.5,213.5
20210411,Hawks,away,Hornets,2.5,213.5
20210411,Knicks,home,Raptors,-3.0,216.0
20210411,Raptors,away,Knicks,3.0,216.0
20210411,Magic,home,Bucks,9.0,224.5
20210411,Bucks,away,Magic,-9.0,224.5
20210411,Mavericks,home,Spurs,-6.5,220.0
20210411,Spurs,away,Mavericks,6.5,220.0
20210411,Nuggets,home,Celtics,-4.0,220.0
20210411,Celtics,away,Nuggets,4.0,220.0
20210411,Timberwolves,home,Bulls,4.0,232.5
20210411,Bulls,away,Timberwolves,-4.0,232.5
20210411,Trailblazers,home,Heat,-0.5,223.0
20210411,Heat,away,Trailblazers,0.5,223.0
20210412,Grizzlies,home,Bulls,-2.5,228.5
20210412,Bulls,away,Grizzlies,2.5,228.5
20210412,Jazz,home,Wizards,-10.5,234.0
20210412,Wizards,away,Jazz,10.5,234.0
20210412,Knicks,home,Lakers,-1.0,205.5
20210412,Lakers,away,Knicks,1.0,205.5
20210412,Magic,home,Spurs,7.0,216.5
20210412,Spurs,away,Magic,-7.0,216.5
20210412,Mavericks,home,Seventysixers,3.5,217.5
20210412,Seventysixers,away,Mavericks,-3.5,217.5
20210412,Pelicans,home,Kings,-3.0,237.0
20210412,Kings,away,Pelicans,3.0,237.0
20210412,Suns,home,Rockets,-12.0,230.0
20210412,Rockets,away,Suns,12.0,230.0
20210412,Warriors,home,Nuggets,5.5,228.0
20210412,Nuggets,away,Warriors,-5.5,228.0
20210413,Hornets,home,Lakers,1.0,206.5
20210413,Lakers,away,Hornets,-1.0,206.5
20210413,Jazz,home,Thunder,-16.5,222.0
20210413,Thunder,away,Jazz,16.5,222.0
20210413,Pacers,home,Clippers,3.5,233.0
20210413,Clippers,away,Pacers,-3.5,233.0
20210413,Raptors,home,Hawks,-1.0,220.5
20210413,Hawks,away,Raptors,1.0,220.5
20210413,Suns,home,Heat,-3.5,217.0
20210413,Heat,away,Suns,3.5,217.0
20210413,Timberwolves,home,Nets,7.5,231.5
20210413,Nets,away,Timberwolves,-7.5,231.5
20210413,Trailblazers,home,Celtics,-1.0,229.5
20210413,Celtics,away,Trailblazers,1.0,229.5
20210414,Bulls,home,Magic,-9.5,214.5
20210414,Magic,away,Bulls,9.5,214.5
20210414,Grizzlies,home,Mavericks,3.0,226.0
20210414,Mavericks,away,Grizzlies,-3.0,226.0
20210414,Hornets,home,Cavaliers,-3.0,210.5
20210414,Cavaliers,away,Hornets,3.0,210.5
20210414,Kings,home,Wizards,2.0,243.5
20210414,Wizards,away,Kings,-2.0,243.5
20210414,Nuggets,home,Heat,-5.0,209.5
20210414,Heat,away,Nuggets,5.0,209.5
20210414,Pelicans,home,Knicks,-2.5,219.5
20210414,Knicks,away,Pelicans,2.5,219.5
20210414,Pistons,home,Clippers,2.0,216.5
20210414,Clippers,away,Pistons,-2.0,216.5
20210414,Raptors,home,Spurs,5.0,221.5
20210414,Spurs,away,Raptors,-5.0,221.5
20210414,Rockets,home,Pacers,3.5,235.5
20210414,Pacers,away,Rockets,-3.5,235.5
20210414,Seventysixers,home,Nets,-9.0,225.5
20210414,Nets,away,Seventysixers,9.0,225.5
20210414,Thunder,home,Warriors,12.0,224.5
20210414,Warriors,away,Thunder,-12.0,224.5
20210414,Timberwolves,home,Bucks,9.5,234.0
20210414,Bucks,away,Timberwolves,-9.5,234.0
20210415,Cavaliers,home,Warriors,5.5,226.5
20210415,Warriors,away,Cavaliers,-5.5,226.5
20210415,Hawks,home,Bucks,4.5,235.0
20210415,Bucks,away,Hawks,-4.5,235.0
20210415,Lakers,home,Celtics,7.5,212.5
20210415,Celtics,away,Lakers,-7.5,212.5
20210415,Suns,home,Kings,-12.5,234.5
20210415,Kings,away,Suns,12.5,234.5
20210416,Bulls,home,Grizzlies,4.0,218.5
20210416,Grizzlies,away,Bulls,-4.0,218.5
20210416,Jazz,home,Pacers,-10.0,233.5
20210416,Pacers,away,Jazz,10.0,233.5
20210416,Mavericks,home,Knicks,-6.5,212.0
20210416,Knicks,away,Mavericks,6.5,212.0
20210416,Nets,home,Hornets,-12.5,224.0
20210416,Hornets,away,Nets,12.5,224.0
20210416,Pistons,home,Thunder,-3.0,216.5
20210416,Thunder,away,Pistons,3.0,216.5
20210416,Raptors,home,Magic,-3.0,212.0
20210416,Magic,away,Raptors,3.0,212.0
20210416,Rockets,home,Nuggets,9.0,226.5
20210416,Nuggets,away,Rockets,-9.0,226.5
20210416,Seventysixers,home,Clippers,-4.0,218.5
20210416,Clippers,away,Seventysixers,4.0,218.5
20210416,Spurs,home,Trailblazers,-1.5,229.0
20210416,Trailblazers,away,Spurs,1.5,229.0
20210416,Timberwolves,home,Heat,6.5,221.0
20210416,Heat,away,Timberwolves,-6.5,221.0
20210416,Wizards,home,Pelicans,3.0,239.5
20210416,Pelicans,away,Wizards,-3.0,239.5
20210417,Bucks,home,Grizzlies,-8.5,237.5
20210417,Grizzlies,away,Bucks,8.5,237.5
20210417,Bulls,home,Cavaliers,-3.0,213.5
20210417,Cavaliers,away,Bulls,3.0,213.5
20210417,Celtics,home,Warriors,-3.0,225.5
20210417,Warriors,away,Celtics,3.0,225.5
20210417,Lakers,home,Jazz,-1.5,215.5
20210417,Jazz,away,Lakers,1.5,215.5
20210417,Suns,home,Spurs,-12.0,223.5
20210417,Spurs,away,Suns,12.0,223.5
20210417,Wizards,home,Pistons,-4.5,226.5
20210417,Pistons,away,Wizards,4.5,226.5
20210418,Clippers,home,Timberwolves,-12.0,233.0
20210418,Timberwolves,away,Clippers,12.0,233.0
20210418,Hawks,home,Pacers,-2.0,231.5
20210418,Pacers,away,Hawks,2.0,231.5
20210418,Heat,home,Nets,5.5,224.5
20210418,Nets,away,Heat,-5.5,224.5
20210418,Hornets,home,Trailblazers,4.5,217.0
20210418,Trailblazers,away,Hornets,-4.5,217.0
20210418,Knicks,home,Pelicans,1.5,218.5
20210418,Pelicans,away,Knicks,-1.5,218.5
20210418,Magic,home,Rockets,1.0,218.0
20210418,Rockets,away,Magic,-1.0,218.0
20210418,Mavericks,home,Kings,-8.5,232.0
20210418,Kings,away,Mavericks,8.5,232.0
20210418,Raptors,home,Thunder,-5.0,220.0
20210418,Thunder,away,Raptors,5.0,220.0
20210419,Bucks,home,Suns,-2.5,233.0
20210419,Suns,away,Bucks,2.5,233.0
20210419,Celtics,home,Bulls,-4.5,212.5
20210419,Bulls,away,Celtics,4.5,212.5
20210419,Heat,home,Rockets,-5.0,216.0
20210419,Rockets,away,Heat,5.0,216.0
20210419,Lakers,home,Jazz,7.0,215.5
20210419,Jazz,away,Lakers,-7.0,215.5
20210419,Nuggets,home,Grizzlies,-7.5,226.0
20210419,Grizzlies,away,Nuggets,7.5,226.0
20210419,Pacers,home,Spurs,3.5,233.5
20210419,Spurs,away,Pacers,-3.5,233.5
20210419,Pistons,home,Cavaliers,3.5,214.0
20210419,Cavaliers,away,Pistons,-3.5,214.0
20210419,Seventysixers,home,Warriors,-5.0,226.5
20210419,Warriors,away,Seventysixers,5.0,226.5
20210419,Wizards,home,Thunder,-12.5,233.0
20210419,Thunder,away,Wizards,12.5,233.0
20210420,Hawks,home,Magic,-12.0,218.0
20210420,Magic,away,Hawks,12.0,218.0
20210420,Kings,home,Timberwolves,-3.0,239.0
20210420,Timberwolves,away,Kings,3.0,239.0
20210420,Knicks,home,Hornets,-5.0,208.5
20210420,Hornets,away,Knicks,5.0,208.5
20210420,Pelicans,home,Nets,-3.0,235.0
20210420,Nets,away,Pelicans,3.0,235.0
20210420,Trailblazers,home,Clippers,5.0,222.5
20210420,Clippers,away,Trailblazers,-5.0,222.5
20210421,Cavaliers,home,Bulls,2.0,210.0
20210421,Bulls,away,Cavaliers,-2.0,210.0
20210421,Clippers,home,Grizzlies,4.5,224.0
20210421,Grizzlies,away,Clippers,-4.5,224.0
20210421,Kings,home,Timberwolves,-3.0,240.0
20210421,Timberwolves,away,Kings,3.0,240.0
20210421,Knicks,home,Hawks,1.5,219.0
20210421,Hawks,away,Knicks,-1.5,219.0
20210421,Mavericks,home,Pistons,-11.0,218.0
20210421,Pistons,away,Mavericks,11.0,218.0
20210421,Pacers,home,Thunder,-9.0,231.0
20210421,Thunder,away,Pacers,9.0,231.0
20210421,Raptors,home,Nets,-4.5,231.5
20210421,Nets,away,Raptors,4.5,231.5
20210421,Rockets,home,Jazz,11.5,224.0
20210421,Jazz,away,Rockets,-11.5,224.0
20210421,Seventysixers,home,Suns,3.0,217.5
20210421,Suns,away,Seventysixers,-3.0,217.5
20210421,Spurs,home,Heat,1.5,215.5
20210421,Heat,away,Spurs,-1.5,215.5
20210421,Trailblazers,home,Nuggets,2.0,230.0
20210421,Nuggets,away,Trailblazers,-2.0,230.0
20210421,Wizards,home,Warriors,2.0,241.0
20210421,Warriors,away,Wizards,-2.0,241.0
20210422,Bucks,home,Seventysixers,-6.0,225.0
20210422,Seventysixers,away,Bucks,6.0,225.0
20210422,Bulls,home,Hornets,-1.0,210.0
20210422,Hornets,away,Bulls,1.0,210.0
20210422,Celtics,home,Suns,2.5,220.0
20210422,Suns,away,Celtics,-2.5,220.0
20210422,Magic,home,Pelicans,10.5,220.0
20210422,Pelicans,away,Magic,-10.5,220.0
20210422,Mavericks,home,Lakers,-3.5,216.0
20210422,Lakers,away,Mavericks,3.5,216.0
20210422,Spurs,home,Pistons,-7.0,214.5
20210422,Pistons,away,Spurs,7.0,214.5
20210423,Hawks,home,Heat,6.5,211.5
20210423,Heat,away,Hawks,-6.5,211.5
20210423,Hornets,home,Cavaliers,-1.5,211.0
20210423,Cavaliers,away,Hornets,1.5,211.0
20210423,Nets,home,Celtics,-3.5,225.0
20210423,Celtics,away,Nets,3.5,225.0
20210423,Rockets,home,Clippers,9.0,223.5
20210423,Clippers,away,Rockets,-9.0,223.5
20210423,Thunder,home,Wizards,9.5,232.0
20210423,Wizards,away,Thunder,-9.5,232.0
20210423,Trailblazers,home,Grizzlies,-4.0,232.0
20210423,Grizzlies,away,Trailblazers,4.0,232.0
20210423,Warriors,home,Nuggets,2.5,227.0
20210423,Nuggets,away,Warriors,-2.5,227.0
20210424,Bucks,home,Seventysixers,-9.0,226.5
20210424,Seventysixers,away,Bucks,9.0,226.5
20210424,Heat,home,Bulls,-4.5,203.0
20210424,Bulls,away,Heat,4.5,203.0
20210424,Jazz,home,Timberwolves,-12.5,231.0
20210424,Timberwolves,away,Jazz,12.5,231.0
20210424,Knicks,home,Raptors,-0.5,213.5
20210424,Raptors,away,Knicks,0.5,213.5
20210424,Mavericks,home,Lakers,-2.0,217.0
20210424,Lakers,away,Mavericks,2.0,217.0
20210424,Nuggets,home,Rockets,-14.5,219.5
20210424,Rockets,away,Nuggets,14.5,219.5
20210424,Pacers,home,Pistons,-4.5,228.5
20210424,Pistons,away,Pacers,4.5,228.5
20210424,Pelicans,home,Spurs,-3.0,228.5
20210424,Spurs,away,Pelicans,3.0,228.5
20210425,Hawks,home,Bucks,5.5,229.0
20210425,Bucks,away,Hawks,-5.5,229.0
20210425,Hornets,home,Celtics,8.0,211.0
20210425,Celtics,away,Hornets,-8.0,211.0
20210425,Magic,home,Pacers,5.5,225.5
20210425,Pacers,away,Magic,-5.5,225.5
20210425,Nets,home,Suns,-1.0,232.0
20210425,Suns,away,Nets,1.0,232.0
20210425,Trailblazers,home,Grizzlies,-3.5,235.5
20210425,Grizzlies,away,Trailblazers,3.5,235.5
20210425,Warriors,home,Kings,-8.0,232.0
20210425,Kings,away,Warriors,8.0,232.0
20210425,Wizards,home,Cavaliers,-7.0,225.5
20210425,Cavaliers,away,Wizards,7.0,225.5
20210426,Heat,home,Bulls,-5.5,205.5
20210426,Bulls,away,Heat,5.5,205.5
20210426,Kings,home,Mavericks,6.5,226.0
20210426,Mavericks,away,Kings,-6.5,226.0
20210426,Knicks,home,Suns,3.0,216.0
20210426,Suns,away,Knicks,-3.0,216.0
20210426,Magic,home,Lakers,11.0,209.0
20210426,Lakers,away,Magic,-11.0,209.0
20210426,Nuggets,home,Grizzlies,-4.0,229.5
20210426,Grizzlies,away,Nuggets,4.0,229.5
20210426,Pelicans,home,Clippers,2.5,229.0
20210426,Clippers,away,Pelicans,-2.5,229.0
20210426,Pistons,home,Hawks,4.5,216.5
20210426,Hawks,away,Pistons,-4.5,216.5
20210426,Raptors,home,Cavaliers,-12.0,212.5
20210426,Cavaliers,away,Raptors,12.0,212.5
20210426,Seventysixers,home,Thunder,-15.0,220.0
20210426,Thunder,away,Seventysixers,15.0,220.0
20210426,Timberwolves,home,Jazz,10.5,227.0
20210426,Jazz,away,Timberwolves,-10.5,227.0
20210426,Wizards,home,Spurs,2.5,231.0
20210426,Spurs,away,Wizards,-2.5,231.0
20210427,Celtics,home,Thunder,-11.0,216.5
20210427,Thunder,away,Celtics,11.0,216.5
20210427,Hornets,home,Bucks,9.5,225.5
20210427,Bucks,away,Hornets,-9.5,225.5
20210427,Pacers,home,Trailblazers,5.5,242.0
20210427,Trailblazers,away,Pacers,-5.5,242.0
20210427,Raptors,home,Nets,4.5,232.0
20210427,Nets,away,Raptors,-4.5,232.0
20210427,Rockets,home,Timberwolves,2.5,234.0
20210427,Timberwolves,away,Rockets,-2.5,234.0
20210427,Warriors,home,Mavericks,-4.0,225.5
20210427,Mavericks,away,Warriors,4.0,225.5
20210428,Cavaliers,home,Magic,-3.5,210.5
20210428,Magic,away,Cavaliers,3.5,210.5
20210428,Celtics,home,Hornets,-6.0,215.0
20210428,Hornets,away,Celtics,6.0,215.0
20210428,Grizzlies,home,Trailblazers,-2.0,239.5
20210428,Trailblazers,away,Grizzlies,2.0,239.5
20210428,Heat,home,Spurs,-4.5,213.0
20210428,Spurs,away,Heat,4.5,213.0
20210428,Kings,home,Jazz,9.0,221.0
20210428,Jazz,away,Kings,-9.0,221.0
20210428,Knicks,home,Bulls,-4.0,211.0
20210428,Bulls,away,Knicks,4.0,211.0
20210428,Nuggets,home,Pelicans,-3.5,230.0
20210428,Pelicans,away,Nuggets,3.5,230.0
20210428,Seventysixers,home,Hawks,-9.5,212.5
20210428,Hawks,away,Seventysixers,9.5,212.5
20210428,Suns,home,Clippers,-4.5,220.5
20210428,Clippers,away,Suns,4.5,220.5
20210428,Wizards,home,Lakers,1.0,230.0
20210428,Lakers,away,Wizards,-1.0,230.0
20210429,Nuggets,home,Raptors,-5.0,218.5
20210429,Raptors,away,Nuggets,5.0,218.5
20210429,Pacers,home,Nets,5.0,241.5
20210429,Nets,away,Pacers,-5.0,241.5
20210429,Pistons,home,Mavericks,7.5,212.5
20210429,Mavericks,away,Pistons,-7.5,212.5
20210429,Rockets,home,Bucks,14.0,233.5
20210429,Bucks,away,Rockets,-14.0,233.5
20210429,Thunder,home,Pelicans,9.5,232.5
20210429,Pelicans,away,Thunder,-9.5,232.5
20210429,Timberwolves,home,Warriors,4.5,234.5
20210429,Warriors,away,Timberwolves,-4.5,234.5
20210430,Bulls,home,Bucks,1.5,222.5
20210430,Bucks,away,Bulls,-1.5,222.5
20210430,Cavaliers,home,Wizards,6.5,230.5
20210430,Wizards,away,Cavaliers,-6.5,230.5
20210430,Celtics,home,Spurs,-5.0,222.0
20210430,Spurs,away,Celtics,5.0,222.0
20210430,Grizzlies,home,Magic,-13.0,223.5
20210430,Magic,away,Grizzlies,13.0,223.5
20210430,Lakers,home,Kings,-11.5,225.0
20210430,Kings,away,Lakers,11.5,225.0
20210430,Nets,home,Trailblazers,3.0,241.5
20210430,Trailblazers,away,Nets,-3.0,241.5
20210430,Seventysixers,home,Hawks,-7.5,223.5
20210430,Hawks,away,Seventysixers,7.5,223.5
20210430,Suns,home,Jazz,-4.5,220.0
20210430,Jazz,away,Suns,4.5,220.0
20210501,Cavaliers,home,Heat,11.5,209.0
20210501,Heat,away,Cavaliers,-11.5,209.0
20210501,Clippers,home,Nuggets,-6.0,222.0
20210501,Nuggets,away,Clippers,6.0,222.0
20210501,Hawks,home,Bulls,-8.0,217.0
20210501,Bulls,away,Hawks,8.0,217.0
20210501,Hornets,home,Pistons,-8.0,217.0
20210501,Pistons,away,Hornets,8.0,217.0
20210501,Jazz,home,Raptors,-6.5,216.5
20210501,Raptors,away,Jazz,6.5,216.5
20210501,Magic,home,Grizzlies,11.5,218.5
20210501,Grizzlies,away,Magic,-11.5,218.5
20210501,Mavericks,home,Wizards,-4.5,232.0
20210501,Wizards,away,Mavericks,4.5,232.0
20210501,Rockets,home,Warriors,8.5,233.5
20210501,Warriors,away,Rockets,-8.5,233.5
20210501,Thunder,home,Pacers,7.5,233.0
20210501,Pacers,away,Thunder,-7.5,233.0
20210501,Timberwolves,home,Pelicans,4.0,238.5
20210501,Pelicans,away,Timberwolves,-4.0,238.5
20210502,Bucks,home,Nets,-2.5,242.5
20210502,Nets,away,Bucks,2.5,242.5
20210502,Celtics,home,Trailblazers,-0.5,234.0
20210502,Trailblazers,away,Celtics,0.5,234.0
20210502,Hornets,home,Heat,6.0,212.5
20210502,Heat,away,Hornets,-6.0,212.5
20210502,Lakers,home,Raptors,-10.0,214.5
20210502,Raptors,away,Lakers,10.0,214.5
20210502,Mavericks,home,Kings,-6.5,227.0
20210502,Kings,away,Mavericks,6.5,227.0
20210502,Rockets,home,Knicks,10.0,218.0
20210502,Knicks,away,Rockets,-10.0,218.0
20210502,Spurs,home,Seventysixers,9.5,220.0
20210502,Seventysixers,away,Spurs,-9.5,220.0
20210502,Thunder,home,Suns,15.5,222.5
20210502,Suns,away,Thunder,-15.5,222.5
20210503,Bulls,home,Seventysixers,7.5,210.5
20210503,Seventysixers,away,Bulls,-7.5,210.5
20210503,Grizzlies,home,Knicks,-4.0,221.0
20210503,Knicks,away,Grizzlies,4.0,221.0
20210503,Hawks,home,Trailblazers,-2.5,236.5
20210503,Trailblazers,away,Hawks,2.5,236.5
20210503,Jazz,home,Spurs,-7.5,220.5
20210503,Spurs,away,Jazz,7.5,220.5
20210503,Lakers,home,Nuggets,4.0,213.0
20210503,Nuggets,away,Lakers,-4.0,213.0
20210503,Pelicans,home,Warriors,-2.0,236.5
20210503,Warriors,away,Pelicans,2.0,236.5
20210503,Pistons,home,Magic,-2.0,211.0
20210503,Magic,away,Pistons,2.0,211.0
20210503,Wizards,home,Pacers,-4.5,246.0
20210503,Pacers,away,Wizards,4.5,246.0
20210504,Bucks,home,Nets,-1.5,242.5
20210504,Nets,away,Bucks,1.5,242.5
20210504,Cavaliers,home,Suns,13.0,220.5
20210504,Suns,away,Cavaliers,-13.0,220.5
20210504,Clippers,home,Raptors,-11.0,218.0
20210504,Raptors,away,Clippers,11.0,218.0
20210504,Heat,home,Mavericks,-0.5,215.0
20210504,Mavericks,away,Heat,0.5,215.0
20210504,Pelicans,home,Warriors,-2.0,235.0
20210504,Warriors,away,Pelicans,2.0,235.0
20210504,Pistons,home,Hornets,4.5,218.5
20210504,Hornets,away,Pistons,-4.5,218.5
20210504,Thunder,home,Kings,5.5,227.0
20210504,Kings,away,Thunder,-5.5,227.0
20210505,Bucks,home,Wizards,-3.5,243.0
20210505,Wizards,away,Bucks,3.5,243.0
20210505,Cavaliers,home,Trailblazers,12.0,227.0
20210505,Trailblazers,away,Cavaliers,-12.0,227.0
20210505,Hawks,home,Suns,1.0,227.5
20210505,Suns,away,Hawks,-1.0,227.5
20210505,Jazz,home,Spurs,-6.5,218.5
20210505,Spurs,away,Jazz,6.5,218.5
20210505,Magic,home,Celtics,12.5,221.5
20210505,Celtics,away,Magic,-12.5,221.5
20210505,Nuggets,home,Knicks,-4.0,215.0
20210505,Knicks,away,Nuggets,4.0,215.0
20210505,Pacers,home,Kings,-6.5,239.5
20210505,Kings,away,Pacers,6.5,239.5
20210505,Rockets,home,Seventysixers,15.0,220.5
20210505,Seventysixers,away,Rockets,-15.0,220.5
20210505,Timberwolves,home,Grizzlies,3.5,238.5
20210505,Grizzlies,away,Timberwolves,-3.5,238.5
20210506,Clippers,home,Lakers,-8.5,211.5
20210506,Lakers,away,Clippers,8.5,211.5
20210506,Hornets,home,Bulls,4.5,218.5
20210506,Bulls,away,Hornets,-4.5,218.5
20210506,Mavericks,home,Nets,3.0,235.0
20210506,Nets,away,Mavericks,-3.0,235.0
20210506,Pacers,home,Hawks,6.5,238.5
20210506,Hawks,away,Pacers,-6.5,238.5
20210506,Pistons,home,Grizzlies,9.0,222.0
20210506,Grizzlies,away,Pistons,-9.0,222.0
20210506,Raptors,home,Wizards,2.0,235.5
20210506,Wizards,away,Raptors,-2.0,235.5
20210506,Warriors,home,Thunder,-14.0,225.5
20210506,Thunder,away,Warriors,14.0,225.5
20210507,Bucks,home,Rockets,-17.0,232.0
20210507,Rockets,away,Bucks,17.0,232.0
20210507,Bulls,home,Celtics,4.0,225.5
20210507,Celtics,away,Bulls,-4.0,225.5
20210507,Heat,home,Timberwolves,-7.5,228.0
20210507,Timberwolves,away,Heat,7.5,228.0
20210507,Hornets,home,Magic,-7.5,214.5
20210507,Magic,away,Hornets,7.5,214.5
20210507,Jazz,home,Nuggets,-4.0,215.5
20210507,Nuggets,away,Jazz,4.0,215.5
20210507,Kings,home,Spurs,4.5,223.5
20210507,Spurs,away,Kings,-4.5,223.5
20210507,Mavericks,home,Cavaliers,-11.0,217.5
20210507,Cavaliers,away,Mavericks,11.0,217.5
20210507,Seventysixers,home,Pelicans,-12.0,224.0
20210507,Pelicans,away,Seventysixers,12.0,224.0
20210507,Suns,home,Knicks,-6.5,217.0
20210507,Knicks,away,Suns,6.5,217.0
20210507,Trailblazers,home,Lakers,-7.5,223.0
20210507,Lakers,away,Trailblazers,7.5,223.0
20210508,Jazz,home,Rockets,-16.0,225.5
20210508,Rockets,away,Jazz,16.0,225.5
20210508,Nuggets,home,Nets,3.0,232.0
20210508,Nets,away,Nuggets,-3.0,232.0
20210508,Pacers,home,Wizards,4.0,250.5
20210508,Wizards,away,Pacers,-4.0,250.5
20210508,Raptors,home,Grizzlies,6.5,225.5
20210508,Grizzlies,away,Raptors,-6.5,225.5
20210508,Seventysixers,home,Pistons,-9.5,217.0
20210508,Pistons,away,Seventysixers,9.5,217.0
20210508,Trailblazers,home,Spurs,-6.0,232.5
20210508,Spurs,away,Trailblazers,6.0,232.5
20210508,Warriors,home,Thunder,-14.0,223.0
20210508,Thunder,away,Warriors,14.0,223.0
20210509,Cavaliers,home,Mavericks,10.5,218.0
20210509,Mavericks,away,Cavaliers,-10.5,218.0
20210509,Celtics,home,Heat,-0.5,222.5
20210509,Heat,away,Celtics,0.5,222.5
20210509,Clippers,home,Knicks,-7.5,215.0
20210509,Knicks,away,Clippers,7.5,215.0
20210509,Hornets,home,Pelicans,-3.5,224.0
20210509,Pelicans,away,Hornets,3.5,224.0
20210509,Kings,home,Thunder,-9.0,224.0
20210509,Thunder,away,Kings,9.0,224.0
20210509,Lakers,home,Suns,7.0,217.0
20210509,Suns,away,Lakers,-7.0,217.0
20210509,Magic,home,Timberwolves,7.5,232.0
20210509,Timberwolves,away,Magic,-7.5,232.0
20210509,Pistons,home,Bulls,10.0,216.5
20210509,Bulls,away,Pistons,-10.0,216.5
20210510,Cavaliers,home,Pacers,9.5,229.5
20210510,Pacers,away,Cavaliers,-9.5,229.5
20210510,Grizzlies,home,Pelicans,-9.5,229.0
20210510,Pelicans,away,Grizzlies,9.5,229.0
20210510,Hawks,home,Wizards,-8.5,237.5
20210510,Wizards,away,Hawks,8.5,237.5
20210510,Spurs,home,Bucks,7.0,233.5
20210510,Bucks,away,Spurs,-7.0,233.5
20210510,Trailblazers,home,Rockets,-15.5,238.5
20210510,Rockets,away,Trailblazers,15.5,238.5
20210510,Warriors,home,Jazz,2.0,225.5
20210510,Jazz,away,Warriors,-2.0,225.5
20210511,Bucks,home,Magic,-15.5,230.5
20210511,Magic,away,Bucks,15.5,230.5
20210511,Bulls,home,Nets,5.0,234.5
20210511,Nets,away,Bulls,-5.0,234.5
20210511,Celtics,home,Heat,1.5,225.0
20210511,Heat,away,Celtics,-1.5,225.0
20210511,Grizzlies,home,Mavericks,3.5,227.5
20210511,Mavericks,away,Grizzlies,-3.5,227.5
20210511,Hornets,home,Nuggets,6.0,223.0
20210511,Nuggets,away,Hornets,-6.0,223.0
20210511,Kings,home,Thunder,-9.5,222.5
20210511,Thunder,away,Kings,9.5,222.5
20210511,Lakers,home,Knicks,-3.0,209.5
20210511,Knicks,away,Lakers,3.0,209.5
20210511,Pacers,home,Seventysixers,5.0,233.0
20210511,Seventysixers,away,Pacers,-5.0,233.0
20210511,Pistons,home,Timberwolves,7.0,228.0
20210511,Timberwolves,away,Pistons,-7.0,228.0
20210511,Raptors,home,Clippers,13.5,217.5
20210511,Clippers,away,Raptors,-13.5,217.5
20210511,Warriors,home,Suns,4.5,231.5
20210511,Suns,away,Warriors,-4.5,231.5
20210512,Cavaliers,home,Celtics,6.0,222.0
20210512,Celtics,away,Cavaliers,-6.0,222.0
20210512,Hawks,home,Wizards,-7.0,238.5
20210512,Wizards,away,Hawks,7.0,238.5
20210512,Jazz,home,Trailblazers,-0.5,234.5
20210512,Trailblazers,away,Jazz,0.5,234.5
20210512,Lakers,home,Rockets,-9.0,220.5
20210512,Rockets,away,Lakers,9.0,220.5
20210512,Mavericks,home,Pelicans,-9.5,226.0
20210512,Pelicans,away,Mavericks,9.5,226.0
20210512,Nets,home,Spurs,-5.0,234.0
20210512,Spurs,away,Nets,5.0,234.0
20210513,Bulls,home,Raptors,-10.5,216.5
20210513,Raptors,away,Bulls,10.5,216.5
20210513,Grizzlies,home,Kings,-8.5,227.0
20210513,Kings,away,Grizzlies,8.5,227.0
20210513,Hawks,home,Magic,-13.5,223.5
20210513,Magic,away,Hawks,13.5,223.5
20210513,Heat,home,Seventysixers,-0.5,218.0
20210513,Seventysixers,away,Heat,0.5,218.0
20210513,Hornets,home,Clippers,8.0,220.5
20210513,Clippers,away,Hornets,-8.0,220.5
20210513,Knicks,home,Spurs,-4.5,215.0
20210513,Spurs,away,Knicks,4.5,215.0
20210513,Pacers,home,Bucks,9.5,242.0
20210513,Bucks,away,Pacers,-9.5,242.0
20210513,Suns,home,Trailblazers,-2.0,237.0
20210513,Trailblazers,away,Suns,2.0,237.0
20210513,Timberwolves,home,Nuggets,2.5,231.0
20210513,Nuggets,away,Timberwolves,-2.5,231.0
20210514,Grizzlies,home,Kings,-4.0,225.5
20210514,Kings,away,Grizzlies,4.0,225.5
20210514,Mavericks,home,Raptors,-14.5,220.0
20210514,Raptors,away,Mavericks,14.5,220.0
20210514,Pistons,home,Nuggets,8.5,217.0
20210514,Nuggets,away,Pistons,-8.5,217.0
20210514,Rockets,home,Clippers,7.0,225.0
20210514,Clippers,away,Rockets,-7.0,225.0
20210514,Seventysixers,home,Magic,-15.0,214.0
20210514,Magic,away,Seventysixers,15.0,214.0
20210514,Thunder,home,Jazz,15.5,221.5
20210514,Jazz,away,Thunder,-15.5,221.5
20210514,Warriors,home,Pelicans,-0.5,220.0
20210514,Pelicans,away,Warriors,0.5,220.0
20210514,Wizards,home,Cavaliers,-9.5,226.5
20210514,Cavaliers,away,Wizards,9.5,226.5
20210515,Bucks,home,Heat,-4.0,233.0
20210515,Heat,away,Bucks,4.0,233.0
20210515,Knicks,home,Hornets,-5.5,213.5
20210515,Hornets,away,Knicks,5.5,213.5
20210515,Nets,home,Bulls,-11.0,232.0
20210515,Bulls,away,Nets,11.0,232.0
20210515,Pacers,home,Lakers,8.5,226.5
20210515,Lakers,away,Pacers,-8.5,226.5
20210515,Spurs,home,Suns,10.5,226.0
20210515,Suns,away,Spurs,-10.5,226.0
20210515,Timberwolves,home,Celtics,-5.0,233.0
20210515,Celtics,away,Timberwolves,5.0,233.0
20210516,Bulls,home,Bucks,7.0,224.5
20210516,Bucks,away,Bulls,-7.0,224.5
20210516,Hawks,home,Rockets,-7.5,232.0
20210516,Rockets,away,Hawks,7.5,232.0
20210516,Kings,home,Jazz,11.5,222.0
20210516,Jazz,away,Kings,-11.5,222.0
20210516,Knicks,home,Celtics,-12.5,211.5
20210516,Celtics,away,Knicks,12.5,211.5
20210516,Nets,home,Cavaliers,-13.0,225.5
20210516,Cavaliers,away,Nets,13.0,225.5
20210516,Pelicans,home,Lakers,9.5,221.5
20210516,Lakers,away,Pelicans,-9.5,221.5
20210516,Pistons,home,Heat,3.0,212.5
20210516,Heat,away,Pistons,-3.0,212.5
20210516,Raptors,home,Pacers,6.5,227.0
20210516,Pacers,away,Raptors,-6.5,227.0
20210516,Seventysixers,home,Magic,-6.5,214.0
20210516,Magic,away,Seventysixers,6.5,214.0
20210516,Spurs,home,Suns,2.0,221.5
20210516,Suns,away,Spurs,-2.0,221.5
20210516,Thunder,home,Clippers,8.0,220.5
20210516,Clippers,away,Thunder,-8.0,220.5
20210516,Timberwolves,home,Mavericks,7.0,230.0
20210516,Mavericks,away,Timberwolves,-7.0,230.0
20210516,Trailblazers,home,Nuggets,-8.5,230.0
20210516,Nuggets,away,Trailblazers,8.5,230.0
20210516,Warriors,home,Grizzlies,-3.5,229.0
20210516,Grizzlies,away,Warriors,3.5,229.0
20210516,Wizards,home,Hornets,-6.5,228.0
20210516,Hornets,away,Wizards,6.5,228.0
20210518,Celtics,home,Wizards,-2.5,233.0
20210518,Wizards,away,Celtics,2.5,233.0
20210518,Pacers,home,Hornets,-1.5,227.0
20210518,Hornets,away,Pacers,1.5,227.0
20210519,Grizzlies,home,Spurs,-5.0,223.5
20210519,Spurs,away,Grizzlies,5.0,223.5
20210519,Lakers,home,Warriors,-6.0,217.5
20210519,Warriors,away,Lakers,6.0,217.5
20210520,Wizards,home,Pacers,-3.5,240.5
20210520,Pacers,away,Wizards,3.5,240.5
20210521,Warriors,home,Grizzlies,-5.0,221.0
20210521,Grizzlies,away,Warriors,5.0,221.0
20210522,Bucks,home,Heat,-5.5,227.0
20210522,Heat,away,Bucks,5.5,227.0
20210522,Clippers,home,Mavericks,-6.0,217.5
20210522,Mavericks,away,Clippers,6.0,217.5
20210522,Nets,home,Celtics,8.5,232.5
20210522,Celtics,away,Nets,-8.5,232.5
20210522,Nuggets,home,Trailblazers,-1.0,226.0
20210522,Trailblazers,away,Nuggets,1.0,226.0
20210523,Jazz,home,Grizzlies,-7.5,217.0
20210523,Grizzlies,away,Jazz,7.5,217.0
20210523,Knicks,home,Hawks,-1.5,214.0
20210523,Hawks,away,Knicks,1.5,214.0
20210523,Seventysixers,home,Wizards,-8.0,228.0
20210523,Wizards,away,Seventysixers,8.0,228.0
20210523,Suns,home,Lakers,2.5,214.0
20210523,Lakers,away,Suns,-2.5,214.0
20210524,Bucks,home,Heat,-5.0,223.5
20210524,Heat,away,Bucks,5.0,223.5
20210524,Nuggets,home,Trailblazers,-2.0,225.0
20210524,Trailblazers,away,Nuggets,2.0,225.0
20210525,Clippers,home,Mavericks,-7.0,216.0
20210525,Mavericks,away,Clippers,7.0,216.0
20210525,Nets,home,Celtics,-9.0,228.5
20210525,Celtics,away,Nets,9.0,228.5
20210525,Suns,home,Lakers,2.0,211.0
20210525,Lakers,away,Suns,-2.0,211.0
20210526,Jazz,home,Grizzlies,-10.0,220.5
20210526,Grizzlies,away,Jazz,10.0,220.5
20210526,Knicks,home,Hawks,2.0,213.5
20210526,Hawks,away,Knicks,-2.0,213.5
20210526,Seventysixers,home,Wizards,8.5,229.0
20210526,Wizards,away,Seventysixers,-8.5,229.0
20210527,Heat,home,Bucks,1.5,224.0
20210527,Bucks,away,Heat,-1.5,224.0
20210527,Lakers,home,Suns,6.5,211.0
20210527,Suns,away,Lakers,-6.5,211.0
20210527,Trailblazers,home,Nuggets,-3.5,227.0
20210527,Nuggets,away,Trailblazers,3.5,227.0
20210528,Celtics,home,Nets,7.0,227.5
20210528,Nets,away,Celtics,-7.0,227.5
20210528,Hawks,home,Knicks,4.5,212.5
20210528,Knicks,away,Hawks,-4.5,212.5
20210528,Mavericks,home,Clippers,3.0,219.5
20210528,Clippers,away,Mavericks,-3.0,219.5
20210529,Grizzlies,home,Jazz,5.5,225.5
20210529,Jazz,away,Grizzlies,-5.5,225.5
20210529,Heat,home,Bucks,4.0,221.0
20210529,Bucks,away,Heat,-4.0,221.0
20210529,Trailblazers,home,Nuggets,4.5,227.5
20210529,Nuggets,away,Trailblazers,-4.5,227.5
20210529,Wizards,home,Seventysixers,5.0,228.5
20210529,Seventysixers,away,Wizards,-5.0,228.5
20210530,Celtics,home,Nets,8.5,229.0
20210530,Nets,away,Celtics,-8.5,229.0
20210530,Hawks,home,Knicks,-5.0,208.5
20210530,Knicks,away,Hawks,5.0,208.5
20210530,Lakers,home,Suns,-6.5,210.0
20210530,Suns,away,Lakers,6.5,210.0
20210530,Mavericks,home,Clippers,3.5,220.0
20210530,Clippers,away,Mavericks,-3.5,220.0
20210531,Grizzlies,home,Jazz,5.5,225.0
20210531,Jazz,away,Grizzlies,-5.5,225.0
20210531,Wizards,home,Seventysixers,8.5,231.0
20210531,Seventysixers,away,Wizards,-8.5,231.0
20210601,Nets,home,Celtics,12.5,234.5
20210601,Celtics,away,Nets,-12.5,234.5
20210601,Nuggets,home,Trailblazers,-2.0,226.5
20210601,Trailblazers,away,Nuggets,2.0,226.5
20210601,Suns,home,Lakers,4.5,210.0
20210601,Lakers,away,Suns,-4.5,210.0
20210602,Clippers,home,Mavericks,-7.5,217.5
20210602,Mavericks,away,Clippers,7.5,217.5
20210602,Jazz,home,Grizzlies,-9.0,226.5
20210602,Grizzlies,away,Jazz,9.0,226.5
20210602,Knicks,home,Hawks,-1.5,209.5
20210602,Hawks,away,Knicks,1.5,209.5
20210602,Seventysixers,home,Wizards,-6.0,229.0
20210602,Wizards,away,Seventysixers,6.0,229.0
20210603,Lakers,home,Suns,-3.0,208.0
20210603,Suns,away,Lakers,3.0,208.0
20210603,Trailblazers,home,Nuggets,-5.0,228.5
20210603,Nuggets,away,Trailblazers,5.0,228.5
20210604,Mavericks,home,Clippers,3.5,216.5
20210604,Clippers,away,Mavericks,-3.5,216.5
20210605,Nets,home,Bucks,3.5,239.5
20210605,Bucks,away,Nets,-3.5,239.5
20210606,Clippers,home,Mavericks,-6.0,210.5
20210606,Mavericks,away,Clippers,6.0,210.5
20210606,Seventysixers,home,Hawks,-4.5,219.5
20210606,Hawks,away,Seventysixers,4.5,219.5
20210607,Nets,home,Bucks,-2.0,238.5
20210607,Bucks,away,Nets,2.0,238.5
20210607,Suns,home,Nuggets,-6.0,222.5
20210607,Nuggets,away,Suns,6.0,222.5
20210608,Jazz,home,Clippers,2.5,222.0
20210608,Clippers,away,Jazz,-2.5,222.0
20210608,Seventysixers,home,Hawks,6.5,225.5
20210608,Hawks,away,Seventysixers,-6.5,225.5
20210609,Suns,home,Nuggets,6.0,224.0
20210609,Nuggets,away,Suns,-6.0,224.0
20210610,Bucks,home,Nets,-3.5,235.5
20210610,Nets,away,Bucks,3.5,235.5
20210610,Jazz,home,Clippers,-2.5,223.5
20210610,Clippers,away,Jazz,2.5,223.5
20210611,Hawks,home,Seventysixers,2.0,224.5
20210611,Seventysixers,away,Hawks,-2.0,224.5
20210611,Nuggets,home,Suns,-2.0,223.0
20210611,Suns,away,Nuggets,2.0,223.0
20210612,Clippers,home,Jazz,-4.5,223.0
20210612,Jazz,away,Clippers,4.5,223.0
20210613,Bucks,home,Nets,-2.0,229.0
20210613,Nets,away,Bucks,2.0,229.0
20210613,Nuggets,home,Suns,3.0,223.0
20210613,Suns,away,Nuggets,-3.0,223.0
20210614,Clippers,home,Jazz,5.0,224.0
20210614,Jazz,away,Clippers,-5.0,224.0
20210614,Hawks,home,Seventysixers,-3.0,226.5
20210614,Seventysixers,away,Hawks,3.0,226.5
20210615,Nets,home,Bucks,-1.5,222.0
20210615,Bucks,away,Nets,1.5,222.0
20210616,Jazz,home,Clippers,-8.5,220.0
20210616,Clippers,away,Jazz,8.5,220.0
20210616,Seventysixers,home,Hawks,-7.5,223.5
20210616,Hawks,away,Seventysixers,7.5,223.5
20210617,Bucks,home,Nets,5.0,220.5
20210617,Nets,away,Bucks,-5.0,220.5
20210618,Clippers,home,Jazz,2.5,221.0
20210618,Jazz,away,Clippers,-2.5,221.0
20210618,Hawks,home,Seventysixers,3.0,223.0
20210618,Seventysixers,away,Hawks,-3.0,223.0
20210619,Nets,home,Bucks,-2.0,215.5
20210619,Bucks,away,Nets,2.0,215.5
20210620,Seventysixers,home,Hawks,-6.5,216.0
20210620,Hawks,away,Seventysixers,6.5,216.0
20210620,Suns,home,Clippers,-4.0,220.0
20210620,Clippers,away,Suns,4.0,220.0
20210622,Suns,home,Clippers,-4.5,222.5
20210622,Clippers,away,Suns,4.5,222.5
20210623,Bucks,home,Hawks,-8.0,225.5
20210623,Hawks,away,Bucks,8.0,225.5
20210624,Clippers,home,Suns,-1.5,221.0
20210624,Suns,away,Clippers,1.5,221.0
20210625,Bucks,home,Hawks,8.5,226.0
20210625,Hawks,away,Bucks,-8.5,226.0
20210626,Clippers,home,Suns,-1.0,217.5
20210626,Suns,away,Clippers,1.0,217.5
20210627,Hawks,home,Bucks,5.0,223.5
20210627,Bucks,away,Hawks,-5.0,223.5
20210628,Suns,home,Clippers,-6.5,213.5
20210628,Clippers,away,Suns,6.5,213.5
20210629,Hawks,home,Bucks,-8.5,216.0
20210629,Bucks,away,Hawks,8.5,216.0
20210630,Clippers,home,Suns,1.0,214.5
20210630,Suns,away,Clippers,-1.0,214.5
20210706,Suns,home,Bucks,-5.0,219.5
20210706,Bucks,away,Suns,5.0,219.5
20210708,Suns,home,Bucks,-4.5,221.0
20210708,Bucks,away,Suns,4.5,221.0
20210711,Bucks,home,Suns,4.5,220.0
20210711,Suns,away,Bucks,-4.5,220.0
20210714,Bucks,home,Suns,4.5,220.5
20210714,Suns,away,Bucks,-4.5,220.5
20210717,Suns,home,Bucks,-3.5,219.5
20210717,Bucks,away,Suns,3.5,219.5
20210720,Bucks,home,Suns,4.5,220.0
20210720,Suns,away,Bucks,-4.5,220.0